Country name,Year,Life Ladder,gdp.per.capita
Afghanistan,2008,3.723589897,1298.143187
Afghanistan,2009,4.401778221,1531.173671
Afghanistan,2010,4.75838089,1614.254675
Afghanistan,2011,3.83171916,1660.739989
Afghanistan,2012,3.782937527,1839.273772
Afghanistan,2013,3.572100401,1848.699648
Afghanistan,2014,3.130895615,1838.95982
Afghanistan,2015,3.982854605,1809.016897
Afghanistan,2016,4.220168591,1802.695573
Afghanistan,2017,2.66171813,1803.987143
Afghanistan,2018,2.694303274,1798.283537
Albania,2007,4.634251595,8754.565278
Albania,2009,5.485469818,9524.648152
Albania,2010,5.268936634,9927.178125
Albania,2011,5.867421627,10207.76134
Albania,2012,5.510124207,10369.8254
Albania,2013,4.550647736,10492.80209
Albania,2014,4.813763142,10701.1215
Albania,2015,4.606650829,10970.44805
Albania,2016,4.511100769,11356.34666
Albania,2017,4.639548302,11803.42902
Albania,2018,5.004402637,12239.20119
Algeria,2010,5.46356678,12870.59903
Algeria,2011,5.317194462,12990.34899
Algeria,2012,5.604595661,13161.96409
Algeria,2014,6.354898453,13483.33332
Algeria,2016,5.340853691,13921.1745
Algeria,2017,5.248912334,13913.83466
Algeria,2018,5.043086052,14156.82229
Angola,2011,5.589000702,5911.253747
Angola,2012,4.360249996,5999.900571
Angola,2013,3.937106848,6188.002777
Angola,2014,3.794837952,6257.154621
Argentina,2006,6.312925339,16592.26614
Argentina,2007,6.073158264,17900.71371
Argentina,2008,5.961034298,18436.86211
Argentina,2009,6.424133301,17168.38566
Argentina,2010,6.441067219,18712.06158
Argentina,2011,6.775805473,19629.3443
Argentina,2012,6.468387127,19224.87449
Argentina,2013,6.582260132,19482.19778
Argentina,2014,6.671114445,18797.55642
Argentina,2015,6.69713068,19116.91491
Argentina,2016,6.427221298,18584.58331
Argentina,2017,6.039330006,18933.89737
Argentina,2018,5.792796612,18214.47359
Armenia,2006,4.289310932,6110.226232
Armenia,2007,4.881515503,7010.628599
Armenia,2008,4.651972294,7558.359373
Armenia,2009,4.177581787,6532.966914
Armenia,2010,4.367811203,6702.845895
Armenia,2011,4.260491371,7022.104224
Armenia,2012,4.319711685,7511.13514
Armenia,2013,4.277191162,7727.932678
Armenia,2014,4.453083038,7971.114793
Armenia,2015,4.34831953,8195.934741
Armenia,2016,4.325471878,8190.238673
Armenia,2017,4.287736416,8787.580895
Armenia,2018,5.062448502,9130.939459
Australia,2005,7.340688229,38928.05219
Australia,2007,7.285390854,40680.20056
Australia,2008,7.253757477,41331.54049
Australia,2010,7.450047016,41464.03528
Australia,2011,7.405616283,41894.18755
Australia,2012,7.195585728,42754.46822
Australia,2013,7.364169121,43118.07736
Australia,2014,7.288550377,43547.19497
Australia,2015,7.309060574,43923.24239
Australia,2016,7.250080109,44493.49586
Australia,2017,7.25703764,44648.72881
Australia,2018,7.17699337,45298.11497
Austria,2006,7.122211456,42497.9984
Austria,2008,7.180953979,44441.80094
Austria,2010,7.302678585,43336.19631
Austria,2011,7.470512867,44452.7371
Austria,2012,7.400688648,44551.62363
Austria,2013,7.498802662,44301.10065
Austria,2014,6.949999809,44320.4971
Austria,2015,7.07644701,44304.98771
Austria,2016,7.048071861,44464.35442
Austria,2017,7.293727875,45436.695
Austria,2018,7.396001816,46253.51845
Azerbaijan,2006,4.727870941,10711.17853
Azerbaijan,2007,4.56815958,13243.21337
Azerbaijan,2008,4.817189217,14364.99782
Azerbaijan,2009,4.573725224,15393.89827
Azerbaijan,2010,4.218610764,15950.25158
Azerbaijan,2011,4.680469513,15754.14553
Azerbaijan,2012,4.910771847,15888.21897
Azerbaijan,2013,5.481178284,16593.18394
Azerbaijan,2014,5.25153017,16715.09844
Azerbaijan,2015,5.146774769,16698.86269
Azerbaijan,2016,5.303894997,16001.3216
Azerbaijan,2017,5.152279377,15847.42114
Azerbaijan,2018,5.167995453,15962.76021
Bahrain,2009,5.700523376,40717.18963
Bahrain,2010,5.936869144,40570.51817
Bahrain,2011,4.82397604,40164.56558
Bahrain,2012,5.027186871,40960.33428
Bahrain,2013,6.689711094,42680.20209
Bahrain,2014,6.165133953,43837.32949
Bahrain,2015,6.00737524,43926.46792
Bahrain,2016,6.169673443,43642.98492
Bahrain,2017,6.227320671,43290.71739
Bangladesh,2006,4.318909168,2031.270892
Bangladesh,2007,4.607322216,2148.473799
Bangladesh,2008,5.052278519,2252.168566
Bangladesh,2009,5.08285141,2339.865527
Bangladesh,2010,4.858481407,2442.729577
Bangladesh,2011,4.985649109,2570.850688
Bangladesh,2012,4.724443913,2706.587278
Bangladesh,2013,4.660161018,2835.766415
Bangladesh,2014,4.635564804,2973.041195
Bangladesh,2015,4.633473873,3132.567487
Bangladesh,2016,4.5561409,3319.352032
Bangladesh,2017,4.309771061,3523.982265
Bangladesh,2018,4.499217033,3717.274585
Belarus,2006,5.657649994,12410.33398
Belarus,2007,5.616976261,13539.6044
Belarus,2008,5.463332176,14972.27592
Belarus,2009,5.56413126,15035.69293
Belarus,2010,5.525923252,16235.16496
Belarus,2011,5.225307941,17166.69932
Belarus,2012,5.749043465,17479.92511
Belarus,2013,5.876466274,17656.1273
Belarus,2014,5.812400818,17944.21332
Belarus,2015,5.718907833,17229.54945
Belarus,2016,5.177899361,16773.19164
Belarus,2017,5.552915096,17167.95996
Belarus,2018,5.233769894,17654.37621
Belgium,2005,7.262290478,39802.96712
Belgium,2007,7.218839645,41623.42308
Belgium,2008,7.116590977,41619.33468
Belgium,2010,6.853514194,41085.91805
Belgium,2011,7.111363888,41248.72997
Belgium,2012,6.935122013,41046.48013
Belgium,2013,7.10366106,40928.12013
Belgium,2014,6.855329037,41360.40368
Belgium,2015,6.904219151,41708.21887
Belgium,2016,6.948936462,42083.63419
Belgium,2017,6.928347588,42658.59426
Belgium,2018,6.89217186,43150.32797
Belize,2007,6.450644493,7902.772373
Belize,2014,5.955646515,7999.573578
Benin,2006,3.329801559,1752.958032
Benin,2008,3.66713953,1841.188456
Benin,2011,3.870279551,1820.894997
Benin,2012,3.193468809,1855.952953
Benin,2013,3.479412794,1934.64923
Benin,2014,3.347419262,2001.077184
Benin,2015,3.624664307,1987.142305
Benin,2016,4.007357597,2009.618166
Benin,2017,4.853180885,2064.235937
Benin,2018,5.81982708,2130.063459
Bhutan,2013,5.569091797,7070.790546
Bhutan,2014,4.938578129,7366.425653
Bhutan,2015,5.082128525,7743.336425
Bolivia,2006,5.373986244,4836.431794
Bolivia,2007,5.628419399,4972.493922
Bolivia,2008,5.297872543,5191.129453
Bolivia,2009,6.085579395,5278.039724
Bolivia,2010,5.780620098,5407.467956
Bolivia,2011,5.778874397,5598.509604
Bolivia,2012,6.018894672,5792.935163
Bolivia,2013,5.767428875,6090.695717
Bolivia,2014,5.864798546,6324.828974
Bolivia,2015,5.834329128,6531.521639
Bolivia,2016,5.769723415,6707.955314
Bolivia,2017,5.65055275,6885.831307
Bolivia,2018,5.915734291,7048.223324
Bosnia and Herzegovina,2007,4.899806976,9278.977439
Bosnia and Herzegovina,2009,4.963477135,9573.742924
Bosnia and Herzegovina,2010,4.66851759,9720.344297
Bosnia and Herzegovina,2011,4.994670868,9901.611539
Bosnia and Herzegovina,2012,4.773144722,9929.706215
Bosnia and Herzegovina,2013,5.123664379,10284.78077
Bosnia and Herzegovina,2014,5.248954296,10516.78554
Bosnia and Herzegovina,2015,5.117177963,10932.46282
Bosnia and Herzegovina,2016,5.180865288,11337.5717
Bosnia and Herzegovina,2017,5.089902401,11713.89739
Bosnia and Herzegovina,2018,5.887401104,12121.38071
Botswana,2006,4.739367008,12362.92922
Botswana,2008,5.451147079,13768.33365
Botswana,2010,3.553020239,13334.19316
Botswana,2011,3.519921064,13889.26842
Botswana,2012,4.835938931,14244.49813
Botswana,2013,4.128298759,15568.27301
Botswana,2014,4.031197071,15914.66637
Botswana,2015,3.761964798,15356.77142
Botswana,2016,3.498936653,15727.16994
Botswana,2017,3.504881144,15807.37629
Botswana,2018,3.4613657,15998.11731
Brazil,2005,6.636771202,12298.59298
Brazil,2007,6.320672989,13268.40832
Brazil,2008,6.691424847,13802.81809
Brazil,2009,7.000831604,13649.87071
Brazil,2010,6.837331295,14537.57171
Brazil,2011,7.037816525,14973.1041
Brazil,2012,6.660003662,15119.91235
Brazil,2013,7.140282631,15432.89566
Brazil,2014,6.980998993,15374.26794
Brazil,2015,6.546896935,14702.59693
Brazil,2016,6.374817371,14077.12158
Brazil,2017,6.332929134,14103.44571
Brazil,2018,6.190921783,14156.55227
Bulgaria,2007,3.843797922,14463.18762
Bulgaria,2010,3.912276268,15283.29625
Bulgaria,2011,3.875382423,15676.15265
Bulgaria,2012,4.222297192,15772.09479
Bulgaria,2013,3.993020535,15997.35448
Bulgaria,2014,4.438439846,16302.31412
Bulgaria,2015,4.865401268,17000.17972
Bulgaria,2016,4.837560654,17794.53814
Bulgaria,2017,5.096901894,18563.3094
Bulgaria,2018,5.098813534,19403.69006
Burkina Faso,2006,3.801490784,1305.925001
Burkina Faso,2007,4.017130375,1338.838574
Burkina Faso,2008,3.846438885,1393.696849
Burkina Faso,2010,4.035560608,1423.377666
Burkina Faso,2011,4.785367489,1472.716157
Burkina Faso,2012,3.95500803,1521.454618
Burkina Faso,2013,3.325949669,1562.305039
Burkina Faso,2014,3.481347799,1582.334083
Burkina Faso,2015,4.418930054,1596.334581
Burkina Faso,2016,4.205634594,1642.321865
Burkina Faso,2017,4.646891117,1703.101923
Burkina Faso,2018,4.92723608,1755.519353
Burundi,2008,3.563227654,759.3399939
Burundi,2009,3.791680813,760.061603
Burundi,2011,3.705894232,771.5093634
Burundi,2014,2.904535055,803.1729114
Burundi,2018,3.775283098,693.0019348
Cambodia,2006,3.568744659,2148.332426
Cambodia,2007,4.15597105,2332.72681
Cambodia,2008,4.462163925,2452.278457
Cambodia,2009,4.110625744,2417.875753
Cambodia,2010,4.141072273,2522.926221
Cambodia,2011,4.161225319,2658.708609
Cambodia,2012,3.898706913,2807.007287
Cambodia,2013,3.674466848,2964.196858
Cambodia,2014,3.88330555,3124.318071
Cambodia,2015,4.162164688,3290.952338
Cambodia,2016,4.461259365,3465.125437
Cambodia,2017,4.585842133,3645.070067
Cambodia,2018,5.121837616,3840.478185
Cameroon,2006,3.851072073,2848.724303
Cameroon,2007,4.349939346,2907.826214
Cameroon,2008,4.291800499,2927.844626
Cameroon,2009,4.741408348,2911.296068
Cameroon,2010,4.554256916,2929.829163
Cameroon,2011,4.433885098,2969.047506
Cameroon,2012,4.244634151,3021.206464
Cameroon,2013,4.271038055,3100.169997
Cameroon,2014,4.240441322,3196.363082
Cameroon,2015,5.037964821,3289.063505
Cameroon,2016,4.816232204,3346.818833
Cameroon,2017,5.07405138,3364.926707
Cameroon,2018,5.250737667,3406.601805
Canada,2005,7.418048382,40471.2425
Canada,2007,7.481752872,41647.40588
Canada,2008,7.485603809,41611.23844
Canada,2009,7.48782444,39924.20285
Canada,2010,7.650346279,40699.37013
Canada,2011,7.426053524,41565.27059
Canada,2012,7.415144444,41794.54257
Canada,2013,7.593793869,42339.37996
Canada,2014,7.30425787,43079.15373
Canada,2015,7.412772655,43149.4638
Canada,2016,7.244845867,43238.27563
Canada,2017,7.414868355,44017.59263
Canada,2018,7.175496578,44411.2533
Central African Republic,2007,4.160129547,857.0793479
Central African Republic,2010,3.567892551,881.1447079
Central African Republic,2011,3.677826405,904.6106715
Central African Republic,2016,2.693061113,642.8735862
Central African Republic,2017,3.475862026,661.2399491
Chad,2006,3.434800625,1743.617855
Chad,2007,4.141326904,1741.487392
Chad,2008,4.632468224,1736.919518
Chad,2009,3.639445066,1752.11985
Chad,2010,3.742871046,1925.195432
Chad,2011,4.393482208,1863.845188
Chad,2012,4.03297472,1962.877272
Chad,2013,3.507663012,2007.077508
Chad,2014,3.460182905,2076.649758
Chad,2015,4.322675228,2067.101265
Chad,2016,4.029350281,1878.378416
Chad,2017,4.558937073,1768.1537
Chad,2018,4.486325264,1759.130111
Chile,2006,6.062851906,17890.59321
Chile,2007,5.697929859,18572.57057
Chile,2008,5.789438725,19031.61914
Chile,2009,6.493686199,18547.45398
Chile,2010,6.63565588,19442.05138
Chile,2011,6.526334763,20437.70108
Chile,2012,6.599128723,21330.24298
Chile,2013,6.74015379,21998.31465
Chile,2014,6.844238281,22195.26292
Chile,2015,6.532749653,22516.61806
Chile,2016,6.579056263,22614.38389
Chile,2017,6.320119381,22767.02866
Chile,2018,6.436220646,23527.37407
China,2006,4.560495377,6411.045159
China,2007,4.86286211,7285.271604
China,2008,4.84629488,7947.788513
China,2009,4.454360962,8651.721616
China,2010,4.652736664,9525.819984
China,2011,5.037207603,10384.36316
China,2012,5.094917297,11145.74761
China,2013,5.241090298,11951.24592
China,2014,5.195619106,12758.64338
China,2015,5.303877831,13569.89191
China,2016,5.32495594,14400.88053
China,2017,5.099061489,15308.7075
China,2018,5.131433964,16226.09442
Colombia,2006,6.024942875,9760.138395
Colombia,2007,6.138411522,10306.95185
Colombia,2008,6.168395042,10547.25937
Colombia,2009,6.271604538,10599.9672
Colombia,2010,6.40811348,10900.50178
Colombia,2011,6.463952541,11496.48132
Colombia,2012,6.374879837,11840.23918
Colombia,2013,6.606550694,12296.29434
Colombia,2014,6.44878912,12715.97016
Colombia,2015,6.387571812,12985.38212
Colombia,2016,6.233715057,13135.00445
Colombia,2017,6.157341957,13254.95157
Colombia,2018,5.983512402,13517.41332
Comoros,2009,3.47602725,1415.845555
Comoros,2010,3.81219101,1412.502898
Comoros,2011,3.838485956,1414.611959
Comoros,2012,3.955640316,1422.229736
Comoros,2018,3.972819567,1422.458976
Congo (Brazzaville),2008,3.819792271,4730.03576
Congo (Brazzaville),2011,4.509824276,5213.947481
Congo (Brazzaville),2012,3.919341803,5271.168397
Congo (Brazzaville),2013,3.954950571,5317.087618
Congo (Brazzaville),2014,4.05601263,5538.052131
Congo (Brazzaville),2015,4.690830231,5542.892097
Congo (Brazzaville),2016,4.119493484,5250.868434
Congo (Brazzaville),2017,4.883991241,4881.407396
Congo (Brazzaville),2018,5.490214348,4785.180376
Congo (Kinshasa),2009,3.983848572,637.2751321
Congo (Kinshasa),2011,4.516963959,682.4320072
Congo (Kinshasa),2012,4.63922739,706.7978951
Congo (Kinshasa),2013,4.497477055,741.6183394
Congo (Kinshasa),2014,4.414299965,785.3474656
Congo (Kinshasa),2015,3.902741671,812.4033459
Congo (Kinshasa),2016,4.521935463,805.0643888
Congo (Kinshasa),2017,4.311033249,808.1332384
Costa Rica,2006,7.082465172,11656.21751
Costa Rica,2007,7.432132244,12433.19737
Costa Rica,2008,6.850679874,12834.9424
Costa Rica,2009,7.614928722,12543.97195
Costa Rica,2010,7.271053791,12999.99086
Costa Rica,2011,7.228888512,13397.22465
Costa Rica,2012,7.272250175,13878.05373
Costa Rica,2013,7.158000469,14035.28448
Costa Rica,2014,7.247086048,14372.39748
Costa Rica,2015,6.854004383,14738.60607
Costa Rica,2016,7.135617733,15195.00738
Costa Rica,2017,7.22518158,15524.99471
Costa Rica,2018,7.141074657,15826.26158
Croatia,2007,5.820907593,21560.52931
Croatia,2009,5.433319569,20410.43201
Croatia,2010,5.595575333,20171.95071
Croatia,2011,5.385372639,20750.44302
Croatia,2012,6.027634621,20346.76449
Croatia,2013,5.885462761,20271.28672
Croatia,2014,5.380692482,20334.44656
Croatia,2015,5.205438137,20983.99321
Croatia,2016,5.416875362,21799.93289
Croatia,2017,5.343165874,22669.79196
Croatia,2018,5.536271095,23523.40297
Cuba,2006,5.417868614,15937.41837
Cyprus,2006,6.237958431,34599.03261
Cyprus,2009,6.833477497,34387.3522
Cyprus,2010,6.386546135,33941.12156
Cyprus,2011,6.689608574,33192.36597
Cyprus,2012,6.180507183,31690.71669
Cyprus,2013,5.438952446,29879.55461
Cyprus,2014,5.627123833,29786.17904
Cyprus,2015,5.439161301,30549.09264
Cyprus,2016,5.794618607,31331.39736
Cyprus,2017,6.062051296,32415.11793
Czech Republic,2005,6.439256668,25781.20675
Czech Republic,2007,6.500194073,28844.0784
Czech Republic,2010,6.249617577,28352.94628
Czech Republic,2011,6.331490993,28797.40786
Czech Republic,2012,6.334149361,28527.12664
Czech Republic,2013,6.697655678,28379.75507
Czech Republic,2014,6.483729839,29119.61192
Czech Republic,2015,6.608017445,30605.43119
Czech Republic,2016,6.735627174,31338.86823
Czech Republic,2017,6.789567947,32605.91874
Czech Republic,2018,7.034165382,33505.79366
Denmark,2005,8.01893425,44567.94191
Denmark,2007,7.834233284,46373.52288
Denmark,2008,7.970891953,45865.78675
Denmark,2009,7.683358669,43382.63321
Denmark,2010,7.770515442,43998.45462
Denmark,2011,7.78823185,44403.37618
Denmark,2012,7.519909382,44336.81529
Denmark,2013,7.588606834,44564.45677
Denmark,2014,7.507559299,45057.05663
Denmark,2015,7.514424801,45458.71289
Denmark,2016,7.55778265,45991.23228
Denmark,2017,7.593702316,46682.53243
Denmark,2018,7.648785591,46891.61968
Djibouti,2008,5.009330273,2507.048344
Djibouti,2009,4.905925274,2589.461572
Djibouti,2010,5.005810738,2634.713414
Djibouti,2011,4.369193554,2705.405345
Dominican Republic,2006,5.087967873,9697.825678
Dominican Republic,2007,5.081305981,10271.22479
Dominican Republic,2008,4.84230566,10455.48352
Dominican Republic,2009,5.431613922,10412.59617
Dominican Republic,2010,4.735021114,11132.5537
Dominican Republic,2011,5.396535397,11333.55022
Dominican Republic,2012,4.753311157,11494.94647
Dominican Republic,2013,5.015515327,11907.20716
Dominican Republic,2014,5.387331963,12663.0376
Dominican Republic,2015,5.061862469,13395.9215
Dominican Republic,2016,5.238698483,14120.21449
Dominican Republic,2017,5.605202675,14600.86009
Dominican Republic,2018,5.433215618,15168.83006
Ecuador,2006,5.02419138,8837.384279
Ecuador,2007,4.995875359,8879.633309
Ecuador,2008,5.296513081,9285.864611
Ecuador,2009,6.021803379,9183.555831
Ecuador,2010,5.838051319,9352.342002
Ecuador,2011,5.795088291,9926.903577
Ecuador,2012,5.960716248,10322.17911
Ecuador,2013,6.019206047,10665.4622
Ecuador,2014,5.945851803,10901.41663
Ecuador,2015,5.964075089,10749.13296
Ecuador,2016,6.115437508,10424.26078
Ecuador,2017,5.839518547,10581.93814
Ecuador,2018,6.128010273,10662.14685
Egypt,2005,5.167754173,8001.519207
Egypt,2007,5.540510654,8838.522131
Egypt,2008,4.631741047,9305.411954
Egypt,2009,5.066164494,9561.844501
Egypt,2010,4.668916225,9857.470178
Egypt,2011,4.174158573,9823.825798
Egypt,2012,4.204156876,9822.420589
Egypt,2013,3.558520317,9814.208823
Egypt,2014,4.885072708,9879.803576
Egypt,2015,4.762538433,10095.6131
Egypt,2016,4.556740761,10324.09887
Egypt,2017,3.929344177,10550.20697
Egypt,2018,4.005450726,10872.14853
El Salvador,2006,5.700929642,6166.294509
El Salvador,2007,5.295535088,6253.151852
El Salvador,2008,5.191493988,6358.133625
El Salvador,2009,6.839087009,6198.303277
El Salvador,2010,6.739911079,6300.777672
El Salvador,2011,4.741294861,6511.445524
El Salvador,2012,5.934371471,6663.813345
El Salvador,2013,6.325063229,6789.862166
El Salvador,2014,5.856523514,6890.725342
El Salvador,2015,6.018496037,7019.593373
El Salvador,2016,6.139824867,7164.141055
El Salvador,2017,6.339318275,7292.459148
El Salvador,2018,6.276246071,7420.180741
Estonia,2006,5.371054649,25298.64044
Estonia,2007,5.332044125,27383.48124
Estonia,2008,5.451937675,25968.9687
Estonia,2009,5.137738705,22187.91916
Estonia,2011,5.486819744,24543.07005
Estonia,2012,5.363927841,25691.98819
Estonia,2013,5.367445946,26282.90191
Estonia,2014,5.55598259,27113.69391
Estonia,2015,5.628908634,27549.57767
Estonia,2016,5.649675369,28109.82814
Estonia,2017,5.938395977,29481.2465
Estonia,2018,6.091302395,30458.09764
Ethiopia,2012,4.561168671,1230.575513
Ethiopia,2013,4.44482708,1325.75491
Ethiopia,2014,4.506646633,1424.527201
Ethiopia,2015,4.573154926,1533.10752
Ethiopia,2016,4.297848701,1608.293324
Ethiopia,2017,4.180315495,1729.926825
Ethiopia,2018,4.379262447,1852.917277
Finland,2006,7.672449112,40546.07279
Finland,2008,7.67062664,42574.62716
Finland,2010,7.393264294,39848.12605
Finland,2011,7.354225159,40683.53713
Finland,2012,7.420209408,39912.93433
Finland,2013,7.444635868,39428.30155
Finland,2014,7.384571075,39017.55115
Finland,2015,7.447925568,38941.7536
Finland,2016,7.659843445,39659.17282
Finland,2017,7.788251877,40585.72661
Finland,2018,7.85810709,41608.50036
France,2005,7.093392849,36505.85883
France,2006,6.582700253,37113.18447
France,2008,7.008064747,37618.19171
France,2009,6.283498287,36324.36985
France,2010,6.797901154,36855.84696
France,2011,6.959185123,37440.6337
France,2012,6.649365425,37327.93644
France,2013,6.66712141,37350.2635
France,2014,6.466867924,37523.74265
France,2015,6.357625008,37766.36157
France,2016,6.475208759,38062.63942
France,2017,6.635222435,38605.66729
France,2018,6.665903568,39079.44327
Gabon,2011,4.255400658,15893.55343
Gabon,2012,3.97205925,16159.72153
Gabon,2013,3.800287008,16503.07166
Gabon,2014,3.918073177,16678.63393
Gabon,2015,4.66101265,16836.78466
Gabon,2016,4.831764221,16756.69172
Gabon,2017,4.782382965,16562.41803
Gabon,2018,4.783009052,16619.23566
Gambia,2017,4.117938995,1561.766522
Gambia,2018,4.922099113,1598.072565
Georgia,2006,3.675108433,5432.076082
Georgia,2007,3.707194567,6183.342475
Georgia,2008,4.15609026,6408.062197
Georgia,2009,3.800639153,6254.869567
Georgia,2010,4.101837158,6733.785654
Georgia,2011,4.203030586,7315.089787
Georgia,2012,4.254445553,7881.329541
Georgia,2013,4.348920822,8254.011072
Georgia,2014,4.287508011,8749.156794
Georgia,2015,4.121940613,9025.128838
Georgia,2016,4.448386192,9276.765422
Georgia,2017,4.45077467,9745.080382
Georgia,2018,4.659097195,10189.36927
Germany,2005,6.619549751,37703.92408
Germany,2007,6.416819572,40473.51975
Germany,2008,6.521790028,40989.44642
Germany,2009,6.64149332,38784.45952
Germany,2010,6.724531174,40428.73162
Germany,2011,6.621312141,42692.53688
Germany,2012,6.702362061,42822.08388
Germany,2013,6.965125084,42914.47802
Germany,2014,6.984214306,43560.61117
Germany,2015,7.037137508,43937.9477
Germany,2016,6.873763084,44431.84205
Germany,2017,7.074324608,45229.26391
Germany,2018,7.118364334,45749.8885
Ghana,2006,4.535019875,2632.027495
Ghana,2007,5.220148087,2675.443657
Ghana,2008,4.965134621,2845.234054
Ghana,2009,4.197695732,2907.547529
Ghana,2010,4.606251717,3059.383034
Ghana,2011,5.608199596,3404.458279
Ghana,2012,5.057261944,3632.445529
Ghana,2013,4.965053082,3807.343879
Ghana,2014,3.860351086,3868.599266
Ghana,2015,3.985916138,3926.707488
Ghana,2016,4.514411449,3982.770386
Ghana,2017,5.481310844,4227.629469
Greece,2005,6.006309986,29559.28579
Greece,2007,6.646961212,32073.9718
Greece,2009,6.038574696,30430.42832
Greece,2010,5.839558601,28726.0916
Greece,2011,5.372039795,26141.31463
Greece,2012,5.096354008,24364.26999
Greece,2013,4.720251083,23746.09507
Greece,2014,4.75623703,24081.63482
Greece,2015,5.622519016,24170.30878
Greece,2016,5.302619457,24211.74314
Greece,2017,5.14824152,24574.38396
Greece,2018,5.40928936,25136.04482
Guatemala,2006,5.901429176,6458.000984
Guatemala,2007,6.329581261,6713.145454
Guatemala,2008,6.414494514,6781.902195
Guatemala,2009,6.451916218,6669.999735
Guatemala,2010,6.289748669,6714.061025
Guatemala,2011,5.743353844,6844.492861
Guatemala,2012,5.855717182,6899.10911
Guatemala,2013,5.984601498,7005.028089
Guatemala,2014,6.536030769,7147.428381
Guatemala,2015,6.464986801,7292.716474
Guatemala,2016,6.358916283,7368.610805
Guatemala,2017,6.325118542,7423.804761
Guatemala,2018,6.626591682,7505.778995
Guinea,2011,4.044569492,1625.559944
Guinea,2012,3.651554823,1684.153761
Guinea,2013,3.901793003,1711.709145
Guinea,2014,3.4124825,1734.736854
Guinea,2015,3.504693508,1758.315807
Guinea,2016,3.602854729,1894.440873
Guinea,2017,4.873722553,1998.925693
Guinea,2018,5.25222683,2066.719846
Guyana,2007,5.992826462,5308.38823
Haiti,2006,3.754156113,1572.302288
Haiti,2008,3.846329212,1588.677907
Haiti,2010,3.76599884,1502.032873
Haiti,2011,4.844573975,1562.278965
Haiti,2012,4.413475037,1584.832746
Haiti,2013,4.62196207,1629.358624
Haiti,2014,3.888778448,1652.854789
Haiti,2015,3.569762468,1651.228075
Haiti,2016,3.352300167,1654.170722
Haiti,2017,3.823865652,1653.172441
Haiti,2018,3.614928007,1662.523519
Honduras,2006,5.396519661,3852.212623
Honduras,2007,5.09715414,4002.203994
Honduras,2008,5.420331001,4084.298091
Honduras,2009,6.033189297,3904.459236
Honduras,2010,5.866131306,3971.183571
Honduras,2011,4.961031437,4046.076364
Honduras,2012,4.602218151,4136.823281
Honduras,2013,4.713358402,4177.579207
Honduras,2014,5.055726051,4231.324194
Honduras,2015,4.845436573,4319.468997
Honduras,2016,5.648154736,4406.772102
Honduras,2017,6.019985676,4541.79564
Honduras,2018,5.908423901,4624.868709
Hong Kong S.A.R. of China,2006,5.511187077,43520.45796
Hong Kong S.A.R. of China,2008,5.137261868,46635.09829
Hong Kong S.A.R. of China,2009,5.397055626,45390.44018
Hong Kong S.A.R. of China,2010,5.642834663,48107.70103
Hong Kong S.A.R. of China,2011,5.474010944,50085.96008
Hong Kong S.A.R. of China,2012,5.483764648,50378.3241
Hong Kong S.A.R. of China,2014,5.458050728,52789.43489
Hong Kong S.A.R. of China,2016,5.498420715,54412.92282
Hong Kong S.A.R. of China,2017,5.362474918,56054.89737
Hungary,2005,5.193933487,22452.82487
Hungary,2007,4.953917027,23491.74795
Hungary,2009,4.894600391,22202.16445
Hungary,2010,4.725132465,22404.22793
Hungary,2011,4.917602539,22841.21001
Hungary,2012,4.683358192,22582.07842
Hungary,2013,4.914466858,23119.00801
Hungary,2014,5.18056345,24161.43593
Hungary,2015,5.34438324,25034.44333
Hungary,2016,5.448901653,25664.14476
Hungary,2017,6.065038681,26777.55125
Iceland,2008,6.888284206,43334.91515
Iceland,2012,7.590660095,39931.6281
Iceland,2013,7.501394272,41259.78539
Iceland,2015,7.498070717,43048.10581
Iceland,2016,7.510034561,45630.93217
Iceland,2017,7.476213932,46482.97663
India,2006,5.348258972,3419.931606
India,2007,5.02679348,3698.776506
India,2008,5.145833015,3786.631298
India,2009,4.521517754,4049.805527
India,2010,4.989277363,4404.696494
India,2011,4.634871483,4635.877463
India,2012,4.720146656,4827.561106
India,2013,4.427788734,5073.605287
India,2014,4.424379349,5385.14326
India,2015,4.342079163,5756.664348
India,2016,4.179177284,6095.722177
India,2017,4.046111107,6426.673343
India,2018,3.818068743,6838.203322
Indonesia,2006,4.946978092,7102.114603
Indonesia,2007,5.101213932,7450.600836
Indonesia,2008,4.815309525,7792.629931
Indonesia,2009,5.472361088,8044.972329
Indonesia,2010,5.457299232,8433.495231
Indonesia,2011,5.172608376,8837.822545
Indonesia,2012,5.36777401,9251.179821
Indonesia,2013,5.292237759,9643.274408
Indonesia,2014,5.597375393,10003.09166
Indonesia,2015,5.04279995,10367.69939
Indonesia,2016,5.136325359,10766.36874
Indonesia,2017,5.098401546,11188.74126
Indonesia,2018,5.340295792,11647.27238
Iran,2005,5.308190346,15616.25828
Iran,2007,5.336371422,17338.1236
Iran,2008,5.128988266,17187.29056
Iran,2011,4.767507076,18192.1139
Iran,2012,4.608927727,16625.92543
Iran,2013,5.139579296,16383.26608
Iran,2014,4.682224274,16924.19927
Iran,2015,4.749955654,16500.89988
Iran,2016,4.652730942,18497.67546
Iran,2017,4.716783047,19082.61615
Iran,2018,4.278117657,19654.5576
Iraq,2008,4.589844704,12217.45187
Iraq,2009,4.775316715,12299.4023
Iraq,2010,5.065462112,12717.59527
Iraq,2011,4.725366116,13261.60235
Iraq,2012,4.659508705,14625.97355
Iraq,2013,4.725017071,15223.58165
Iraq,2014,4.541502476,14838.38732
Iraq,2015,4.493377209,15072.86287
Iraq,2016,4.412537098,16242.07187
Iraq,2017,4.462399006,15663.98811
Ireland,2006,7.144246578,47879.03434
Ireland,2008,7.568029881,46062.64896
Ireland,2009,7.045911312,43487.47451
Ireland,2010,7.257389545,44030.39792
Ireland,2011,7.006904125,45147.38354
Ireland,2012,6.964645386,44973.17191
Ireland,2013,6.760085106,45470.15947
Ireland,2014,7.018379211,48898.33877
Ireland,2015,6.830125332,60818.06625
Ireland,2016,7.04073143,63227.21404
Ireland,2017,7.060155392,67335.32212
Ireland,2018,6.962335587,70497.19289
Israel,2006,7.173417091,27662.33645
Israel,2007,6.841114998,28744.3701
Israel,2008,7.261261463,29082.06249
Israel,2009,7.352979183,28787.49529
Israel,2010,7.358916283,29743.00435
Israel,2011,7.433147907,30558.38776
Israel,2012,7.110854626,30582.14834
Israel,2013,7.320563316,31250.79547
Israel,2014,7.400570393,31702.08243
Israel,2015,7.07941103,32024.36567
Israel,2016,7.159010887,32688.39466
Israel,2017,7.331036091,33132.30808
Israel,2018,6.92717886,33677.11812
Italy,2005,6.853783607,37604.34631
Italy,2007,6.574412346,38612.00037
Italy,2008,6.779774189,37954.15033
Italy,2009,6.333800316,35710.433
Italy,2010,6.354238033,36201.15122
Italy,2011,6.057086468,36347.3445
Italy,2012,5.839313984,35227.60963
Italy,2013,6.009373665,34219.82183
Italy,2014,6.026585102,33945.84773
Italy,2015,5.847683907,34302.02898
Italy,2016,5.95452404,34655.27081
Italy,2017,6.198870182,35220.08501
Italy,2018,6.516526699,35614.79547
Ivory Coast,2009,4.197181702,2698.554902
Ivory Coast,2013,3.739365578,2879.850549
Ivory Coast,2014,3.570368528,3054.534819
Ivory Coast,2015,4.445038795,3241.612159
Ivory Coast,2016,4.542545795,3424.96454
Ivory Coast,2017,5.037734985,3601.006463
Ivory Coast,2018,5.26837492,3774.916625
Jamaica,2006,6.207881927,8605.459048
Jamaica,2011,5.374446392,8099.159205
Jamaica,2013,5.708886623,8025.470044
Jamaica,2014,5.310538769,8051.243028
Jamaica,2017,5.889759064,8193.566759
Japan,2005,6.515817165,35658.16109
Japan,2007,6.238197803,36697.24778
Japan,2008,5.91067934,36278.3603
Japan,2009,5.844999313,34317.66935
Japan,2010,6.056752682,35749.7554
Japan,2011,6.262793541,35774.68652
Japan,2012,5.968216419,36367.59364
Japan,2013,5.959361553,37148.59524
Japan,2014,5.922620773,37337.30007
Japan,2015,5.879684448,37882.98361
Japan,2016,5.954650879,38282.52023
Japan,2017,5.910676479,39002.22363
Japan,2018,5.793575287,39403.83041
Jordan,2005,6.294660091,8799.589956
Jordan,2007,5.59805727,9493.479574
Jordan,2008,4.930058002,9714.783863
Jordan,2009,5.999859333,9749.142546
Jordan,2010,5.569942474,9472.769252
Jordan,2011,5.539327621,9214.207747
Jordan,2012,5.131996155,8964.25952
Jordan,2013,5.171952724,8756.711235
Jordan,2014,5.333021641,8622.184335
Jordan,2015,5.404593468,8491.052054
Jordan,2016,5.27128458,8389.607622
Jordan,2017,4.808082581,8337.491936
Jordan,2018,4.638933659,8303.522018
Kazakhstan,2006,5.475948334,17541.32887
Kazakhstan,2007,5.718553543,18885.24282
Kazakhstan,2008,5.886419773,19272.21677
Kazakhstan,2009,5.382563114,18995.89728
Kazakhstan,2010,5.514286518,20096.56561
Kazakhstan,2011,5.735662937,21276.93202
Kazakhstan,2012,5.759469509,21986.31781
Kazakhstan,2013,5.835483074,22972.43646
Kazakhstan,2014,5.970097542,23587.33591
Kazakhstan,2015,5.949995041,23524.05356
Kazakhstan,2016,5.533551693,23447.00607
Kazakhstan,2017,5.882351398,24055.58247
Kazakhstan,2018,6.00763607,24616.34668
Kenya,2006,4.223234177,2303.830943
Kenya,2007,4.575657845,2394.837623
Kenya,2008,4.015274525,2335.252055
Kenya,2009,4.270434856,2347.198445
Kenya,2010,4.255859375,2476.010837
Kenya,2011,4.405310154,2556.962374
Kenya,2012,4.547335148,2602.597964
Kenya,2013,3.795383215,2683.046433
Kenya,2014,4.904579639,2753.236001
Kenya,2015,4.357617855,2835.996298
Kenya,2016,4.396127701,2926.532581
Kenya,2017,4.475654125,2993.027566
Kenya,2018,4.655702591,3079.977745
Kosovo,2007,5.103906155,7390.075134
Kosovo,2008,5.521659851,7524.843629
Kosovo,2009,5.891432762,7714.089621
Kosovo,2010,5.17660141,7905.636827
Kosovo,2011,4.859501839,8215.224468
Kosovo,2012,5.639588356,8386.591805
Kosovo,2013,6.125758171,8584.475251
Kosovo,2014,5.000375271,8698.290957
Kosovo,2015,5.077460766,9154.943922
Kosovo,2016,5.759412289,9451.905799
Kosovo,2017,6.149199963,9795.834511
Kuwait,2006,6.075547218,96244.3563
Kuwait,2009,6.585246086,81922.50469
Kuwait,2010,6.798151016,75204.13839
Kuwait,2011,6.377699375,77459.54964
Kuwait,2012,6.221094608,77618.01746
Kuwait,2013,6.480031013,74084.53985
Kuwait,2014,6.180138588,70832.39608
Kuwait,2015,6.146031857,68476.30222
Kuwait,2016,5.947194576,68861.76295
Kuwait,2017,6.093905449,65530.56472
Kyrgyzstan,2006,4.641398907,2417.579467
Kyrgyzstan,2007,4.697761536,2599.205999
Kyrgyzstan,2008,4.736588001,2790.935433
Kyrgyzstan,2009,5.06905365,2837.031003
Kyrgyzstan,2010,4.996410847,2790.170315
Kyrgyzstan,2011,4.921049118,2920.603621
Kyrgyzstan,2012,5.207785606,2869.839366
Kyrgyzstan,2013,5.40242672,3120.542245
Kyrgyzstan,2014,5.252192974,3181.643359
Kyrgyzstan,2015,4.905375957,3237.60195
Kyrgyzstan,2016,4.856534004,3309.859392
Kyrgyzstan,2017,5.629536629,3393.472824
Kyrgyzstan,2018,5.297383308,3467.902415
Laos,2006,5.076225758,3328.344945
Laos,2007,5.363854885,3520.744008
Laos,2008,5.044098854,3732.008656
Laos,2011,4.703749657,4495.153779
Laos,2012,4.876084805,4794.110348
Laos,2017,4.623140812,6397.358206
Laos,2018,4.85940218,6725.108924
Latvia,2006,4.70950222,19786.22373
Latvia,2007,4.666971684,21939.06533
Latvia,2008,5.145375252,21384.3197
Latvia,2009,4.668910503,18609.32424
Latvia,2011,4.966811657,19773.3777
Latvia,2012,5.125025272,20827.90351
Latvia,2013,5.069770336,21563.71662
Latvia,2014,5.729115486,22172.24511
Latvia,2015,5.880597591,23018.81912
Latvia,2016,5.940446377,23743.26449
Latvia,2017,5.977817535,25063.85035
Latvia,2018,5.901154041,26479.2667
Lebanon,2005,5.49124527,12269.31748
Lebanon,2006,4.653103828,12243.78923
Lebanon,2008,4.594851017,14597.62997
Lebanon,2009,5.205998898,15788.40815
Lebanon,2010,5.031899452,16451.76519
Lebanon,2011,5.187571526,15693.68378
Lebanon,2012,4.572566986,15057.28885
Lebanon,2013,4.983288765,14400.64706
Lebanon,2014,5.233025551,13831.37265
Lebanon,2015,5.171971321,13352.70848
Lebanon,2016,5.27072382,13267.88953
Lebanon,2017,5.153989792,13367.56474
Lebanon,2018,5.167186737,13466.47324
Lesotho,2011,4.89751482,2500.014615
Lesotho,2016,3.808204889,2736.354888
Lesotho,2017,3.795300722,2851.152759
Liberia,2007,3.701401234,656.8717189
Liberia,2008,4.221354008,674.9849533
Liberia,2010,4.196063042,699.6538738
Liberia,2014,4.571419239,804.7197342
Liberia,2015,2.701591253,785.2467362
Liberia,2016,3.354676008,753.5572347
Liberia,2017,4.424490929,752.7879554
Liberia,2018,4.134852886,757.6108539
Libya,2012,5.754394054,24956.37564
Libya,2015,5.615404606,14847.19184
Libya,2016,5.43358326,14298.44944
Libya,2017,5.646852493,17881.50158
Lithuania,2006,5.954442978,20219.11834
Lithuania,2007,5.80828476,22729.2155
Lithuania,2008,5.553925991,23567.70626
Lithuania,2009,5.466920853,20300.49937
Lithuania,2010,5.065824986,21070.64302
Lithuania,2011,5.43243742,22854.32719
Lithuania,2012,5.771037102,24049.34327
Lithuania,2013,5.595689297,25143.90874
Lithuania,2014,6.125723839,26258.19911
Lithuania,2015,5.711378098,27045.72196
Lithuania,2016,5.865552425,28033.8777
Lithuania,2017,6.272940636,29524.26647
Lithuania,2018,6.308878899,30930.92809
Luxembourg,2009,6.957920074,89098.70135
Luxembourg,2010,7.097251892,91743.25328
Luxembourg,2011,7.101400375,92005.05575
Luxembourg,2012,6.964097023,89505.19307
Luxembourg,2013,7.130809307,90656.34076
Luxembourg,2014,6.89112711,93655.29543
Luxembourg,2015,6.701571465,94088.58724
Luxembourg,2016,6.967340946,94920.9929
Luxembourg,2017,7.061380863,94277.92806
Luxembourg,2018,7.242630959,94270.91531
Macedonia,2007,4.493598461,10480.62099
Macedonia,2009,4.428021908,10995.10382
Macedonia,2010,4.180202007,11355.37198
Macedonia,2011,4.898180008,11611.84835
Macedonia,2012,4.639647484,11549.66925
Macedonia,2013,5.186190605,11877.77582
Macedonia,2014,5.203825951,12298.48742
Macedonia,2015,4.975589752,12759.81153
Macedonia,2016,5.34574604,13120.86963
Macedonia,2017,5.233866692,13111.21312
Macedonia,2018,5.239834785,13400.45752
Madagascar,2006,3.979751348,1417.278901
Madagascar,2008,4.640079021,1523.019571
Madagascar,2011,4.381415367,1367.542806
Madagascar,2012,3.550609589,1370.950329
Madagascar,2013,3.815607071,1364.346064
Madagascar,2014,3.675626993,1372.020886
Madagascar,2015,3.592514038,1377.16819
Madagascar,2016,3.663085938,1396.669297
Madagascar,2017,4.078620434,1416.439116
Madagascar,2018,4.070586681,1450.835431
Malawi,2006,3.829868078,854.1581366
Malawi,2007,4.89103651,908.3110235
Malawi,2009,5.148239613,996.2453938
Malawi,2011,3.946062565,1051.186183
Malawi,2012,4.279269695,1039.759216
Malawi,2013,4.035084248,1062.164736
Malawi,2014,4.563080311,1090.367253
Malawi,2015,3.86763835,1088.701639
Malawi,2016,3.476492643,1083.80118
Malawi,2017,3.416862965,1095.042036
Malawi,2018,3.334633589,1103.158084
Malaysia,2006,6.011716843,19251.3307
Malaysia,2007,6.238904476,20093.2694
Malaysia,2008,5.806781769,20687.13531
Malaysia,2009,5.384701729,20009.20767
Malaysia,2010,5.580281734,21107.26695
Malaysia,2011,5.786367416,21818.88084
Malaysia,2012,5.914283752,22590.78062
Malaysia,2013,5.770199776,23224.19508
Malaysia,2014,5.962921619,24194.63941
Malaysia,2015,6.322121143,25001.61328
Malaysia,2018,5.338817596,27875.51964
Mali,2006,4.014075756,1783.110343
Mali,2008,4.114664078,1808.887511
Mali,2009,3.976598501,1832.808266
Mali,2010,3.762305021,1871.984311
Mali,2011,4.666832924,1874.702561
Mali,2012,4.313016891,1804.942227
Mali,2013,3.676277161,1793.724058
Mali,2014,3.974714279,1865.161004
Mali,2015,4.582098484,1919.228487
Mali,2016,4.016027927,1971.084143
Mali,2017,4.741850376,2014.305686
Mali,2018,4.415729523,2053.76106
Malta,2009,6.32763958,27529.19712
Malta,2010,5.77387476,28364.79204
Malta,2011,6.154718399,28618.49298
Malta,2012,5.962872028,29131.72243
Malta,2013,6.379924774,30050.12847
Malta,2014,6.45211792,31846.19936
Malta,2015,6.61339426,34087.09405
Malta,2016,6.590842247,35058.42627
Malta,2017,6.675665855,36513.30994
Mauritania,2007,4.149043083,3448.648341
Mauritania,2008,4.248075008,3388.835188
Mauritania,2009,4.500431538,3259.07622
Mauritania,2010,4.772306919,3316.975532
Mauritania,2011,4.784804344,3371.994016
Mauritania,2012,4.673203945,3462.562016
Mauritania,2013,4.199015141,3565.521853
Mauritania,2014,4.482805252,3655.388129
Mauritania,2015,3.922664165,3601.614366
Mauritania,2016,4.472149372,3572.28134
Mauritania,2017,4.678159714,3597.632239
Mauritania,2018,4.313615322,3628.408552
Mauritius,2011,5.477073193,16561.77044
Mauritius,2014,5.647779942,18255.86275
Mauritius,2016,5.610003471,19567.49745
Mauritius,2017,6.174117565,20292.73747
Mauritius,2018,5.88174057,21087.7504
Mexico,2005,6.580657959,15791.54031
Mexico,2007,6.525378227,16371.75501
Mexico,2008,6.829036236,16293.03515
Mexico,2009,6.962819099,15185.53316
Mexico,2010,6.802388668,15715.96998
Mexico,2011,6.909515381,16049.37119
Mexico,2012,7.320185184,16394.62888
Mexico,2013,7.442546368,16385.06297
Mexico,2014,6.679831028,16622.59606
Mexico,2015,6.236287117,16938.60243
Mexico,2016,6.824172974,17206.64291
Mexico,2017,6.410299301,17336.47019
Mexico,2018,6.549578667,17499.35663
Moldova,2006,5.102071285,3476.034539
Moldova,2007,4.774918079,3588.620096
Moldova,2008,5.502756119,3875.903754
Moldova,2009,5.554374218,3647.952984
Moldova,2010,5.589736462,3910.861594
Moldova,2011,5.792262554,4179.212987
Moldova,2012,5.995712757,4150.504073
Moldova,2013,5.75605917,4541.869274
Moldova,2014,5.917058468,4762.78053
Moldova,2015,6.017472267,4746.782783
Moldova,2016,5.577784061,4963.397344
Moldova,2017,5.325530529,5189.971131
Moldova,2018,5.682277203,5390.409899
Mongolia,2007,4.609059334,7055.13663
Mongolia,2008,4.493010044,7576.480885
Mongolia,2010,4.585523605,7708.603453
Mongolia,2011,5.031173706,8881.488055
Mongolia,2012,4.885150433,9788.821154
Mongolia,2013,4.912928104,10720.05902
Mongolia,2014,4.824834824,11348.64895
Mongolia,2015,4.982719898,11411.94405
Mongolia,2016,5.056999683,11361.00462
Mongolia,2017,5.333850384,11840.84895
Mongolia,2018,5.464622974,12279.70059
Montenegro,2007,5.196315289,13602.58202
Montenegro,2009,4.8010602,13686.09441
Montenegro,2010,5.455030441,14034.58847
Montenegro,2011,5.223116875,14472.47341
Montenegro,2012,5.218724251,14066.43934
Montenegro,2013,5.074341774,14551.44243
Montenegro,2014,5.282720566,14796.63001
Montenegro,2015,5.124921322,15289.7253
Montenegro,2016,5.304066181,15737.02711
Montenegro,2017,5.614798546,16409.28555
Montenegro,2018,5.650189877,16864.31245
Morocco,2010,4.383247375,6443.25513
Morocco,2011,5.084972858,6688.402025
Morocco,2012,4.969656467,6791.332222
Morocco,2013,5.142160416,6995.935134
Morocco,2015,5.163156986,7296.932347
Morocco,2016,5.38630724,7285.910828
Morocco,2017,5.312482834,7485.013583
Morocco,2018,4.896791935,7611.366163
Mozambique,2006,4.594879627,791.9275797
Mozambique,2007,4.832634926,826.1626193
Mozambique,2008,4.65358305,857.5269773
Mozambique,2011,4.971111774,954.7993531
Mozambique,2015,4.549767494,1118.222851
Mozambique,2017,4.279863358,1136.102593
Mozambique,2018,4.653713703,1140.67753
Myanmar,2012,4.438939571,4148.699513
Myanmar,2013,4.175670624,4457.901397
Myanmar,2014,4.786247253,4770.012563
Myanmar,2015,4.223846436,5056.857677
Myanmar,2016,4.623119831,5305.048049
Myanmar,2017,4.154341698,5591.594334
Myanmar,2018,4.410633087,5914.913559
Namibia,2007,4.885587215,8097.552781
Namibia,2014,4.573991299,9617.393342
Namibia,2017,4.441306114,9541.813083
Namibia,2018,4.834087849,9473.121582
Nepal,2006,4.566594601,1720.853777
Nepal,2007,4.74828434,1760.945412
Nepal,2008,4.440526485,1850.02506
Nepal,2009,4.91686821,1914.705616
Nepal,2010,4.349675179,1985.980009
Nepal,2011,3.809444666,2031.087837
Nepal,2012,4.233244896,2103.354035
Nepal,2013,4.604576588,2163.950657
Nepal,2014,4.975014687,2266.184743
Nepal,2015,4.812436581,2314.275413
Nepal,2016,5.099539757,2297.652198
Nepal,2017,4.736692429,2442.804125
Nepal,2018,4.910086632,2568.320498
Netherlands,2005,7.463979244,43507.30307
Netherlands,2007,7.451879501,46527.638
Netherlands,2008,7.631011963,47134.31131
Netherlands,2010,7.501875877,45524.65694
Netherlands,2011,7.563797951,46066.64665
Netherlands,2012,7.470715523,45411.35296
Netherlands,2013,7.406550407,45191.49432
Netherlands,2014,7.32118845,45668.45929
Netherlands,2015,7.324437141,46494.37074
Netherlands,2016,7.540877342,47269.62722
Netherlands,2017,7.458965302,48472.53151
Netherlands,2018,7.463097095,49474.07636
New Zealand,2006,7.305014133,31768.87795
New Zealand,2007,7.604173183,32657.57803
New Zealand,2008,7.38117075,31881.11465
New Zealand,2010,7.223756313,32119.21292
New Zealand,2011,7.190638065,32734.53366
New Zealand,2012,7.249629974,33369.2791
New Zealand,2013,7.280151844,33782.11135
New Zealand,2014,7.305892467,34455.33638
New Zealand,2015,7.418120861,35309.8132
New Zealand,2016,7.225687981,35776.56303
New Zealand,2017,7.32718277,36085.85208
New Zealand,2018,7.370285988,36369.18909
Nicaragua,2006,4.460158348,3864.694181
Nicaragua,2007,4.944090843,4008.009735
Nicaragua,2008,5.103827477,4092.060583
Nicaragua,2009,5.352804661,3906.988367
Nicaragua,2010,5.68669939,4028.711273
Nicaragua,2011,5.385705471,4231.497716
Nicaragua,2012,5.448006153,4453.252806
Nicaragua,2013,5.772274971,4618.728797
Nicaragua,2014,6.275266647,4784.828999
Nicaragua,2015,5.924112797,4956.921459
Nicaragua,2016,6.012739658,5130.582462
Nicaragua,2017,6.476356506,5321.445194
Nicaragua,2018,5.81895256,5511.061005
Niger,2006,3.736951828,778.128984
Niger,2007,4.277402401,773.269856
Niger,2008,4.235657215,816.2362277
Niger,2009,4.267169952,780.4198162
Niger,2010,4.101016045,814.2408467
Niger,2011,4.555829525,801.6042163
Niger,2012,3.798088312,862.8661912
Niger,2013,3.716329813,874.078747
Niger,2014,4.180943489,904.456692
Niger,2015,3.671453714,908.1763343
Niger,2016,4.234645844,917.1402934
Niger,2017,4.615673542,926.000193
Niger,2018,5.164007187,938.7204343
Nigeria,2006,4.709745884,4374.284278
Nigeria,2007,4.890419483,4551.603828
Nigeria,2008,4.938560486,4710.552761
Nigeria,2009,4.980220318,4904.92177
Nigeria,2010,4.760275841,5150.157077
Nigeria,2012,5.492954254,5339.450974
Nigeria,2013,4.81786871,5479.057382
Nigeria,2015,4.932914734,5670.637757
Nigeria,2016,5.219567776,5434.734294
Nigeria,2017,5.321928024,5338.453016
Nigeria,2018,5.252288342,5311.517761
Norway,2006,7.415682316,63854.08581
Norway,2008,7.632287502,64586.20183
Norway,2012,7.678277016,63003.42244
Norway,2014,7.444470882,63419.31376
Norway,2015,7.603433609,64008.27767
Norway,2016,7.596331596,64159.53766
Norway,2017,7.578744888,64800.04055
Norway,2018,7.444262028,65226.79622
Oman,2011,6.852982044,42121.41731
Pakistan,2005,5.224657536,4013.425819
Pakistan,2007,5.671460629,4288.332248
Pakistan,2008,4.413918972,4273.035593
Pakistan,2009,5.208146572,4304.467658
Pakistan,2010,5.786132813,4283.607192
Pakistan,2011,5.267186165,4309.762334
Pakistan,2012,5.131565094,4367.452297
Pakistan,2013,5.138082504,4464.091457
Pakistan,2014,5.435657978,4576.225795
Pakistan,2015,4.823194981,4695.697627
Pakistan,2016,5.548508167,4857.167257
Pakistan,2017,5.830870628,5034.707923
Pakistan,2018,5.471553802,5227.37034
Palestinian Territories,2006,4.716387749,4188.941205
Palestinian Territories,2007,4.151053905,4012.740755
Palestinian Territories,2008,4.385603428,3563.818686
Palestinian Territories,2009,4.470191479,4187.251709
Palestinian Territories,2010,4.702603817,4162.701432
Palestinian Territories,2011,4.751219749,4356.3414
Palestinian Territories,2012,4.646608353,4841.812821
Palestinian Territories,2013,4.844027996,4498.301475
Palestinian Territories,2014,4.721938133,4319.526669
Palestinian Territories,2015,4.695239067,4714.92583
Palestinian Territories,2016,4.906618118,4730.586123
Panama,2006,6.127988338,12735.55804
Panama,2007,6.894139767,14006.17536
Panama,2008,6.930903435,15113.25202
Panama,2009,7.033740044,15031.30579
Panama,2010,7.3214674,15628.59441
Panama,2011,7.24808073,17093.83776
Panama,2012,6.859835625,18441.34626
Panama,2013,6.86648035,19377.91151
Panama,2014,6.631171227,20017.98744
Panama,2015,6.605550289,20786.66899
Panama,2016,6.117638111,21472.68402
Panama,2017,6.567658901,22267.02916
Panama,2018,6.281434059,23149.54259
Paraguay,2006,4.730082035,6318.751814
Paraguay,2007,5.272461414,6568.250717
Paraguay,2008,5.570061684,6892.407853
Paraguay,2009,5.576147079,6531.889157
Paraguay,2010,5.841174126,7289.510981
Paraguay,2011,5.677080631,7504.655262
Paraguay,2012,5.820058346,7312.411411
Paraguay,2013,5.936240673,8227.212384
Paraguay,2014,5.118641853,8501.545051
Paraguay,2015,5.559724331,8639.288164
Paraguay,2016,5.801380157,8871.380575
Paraguay,2017,5.71329546,8827.007097
Peru,2006,4.810845375,8067.89903
Peru,2007,5.213962078,8649.081723
Peru,2008,5.129230976,9323.355383
Peru,2009,5.518846989,9308.678282
Peru,2010,5.612785339,9956.560669
Peru,2011,5.892457485,10449.09398
Peru,2012,5.824557304,10943.91657
Peru,2013,5.782557487,11430.25351
Peru,2014,5.865815639,11547.82995
Peru,2015,5.577263355,11770.03291
Peru,2016,5.700628757,12082.16392
Peru,2017,5.710936546,12236.7036
Peru,2018,5.679661274,12510.80696
Philippines,2006,4.669945717,4941.600407
Philippines,2007,5.073562145,5181.005364
Philippines,2008,4.589065075,5309.441329
Philippines,2009,4.879910946,5284.864567
Philippines,2010,4.941514015,5596.838698
Philippines,2011,4.993956566,5707.204679
Philippines,2012,5.001965046,5988.804537
Philippines,2013,4.976925373,6306.747326
Philippines,2014,5.312550068,6585.894926
Philippines,2015,5.547489166,6874.584937
Philippines,2016,5.430832863,7233.20433
Philippines,2017,5.594270229,7599.18845
Philippines,2018,5.869172573,7988.054479
Poland,2005,5.587209225,17193.52029
Poland,2007,5.886137486,19563.29917
Poland,2009,5.772027493,20952.79786
Poland,2010,5.887029648,21770.63864
Poland,2011,5.646204948,22850.64403
Poland,2012,5.87593174,23218.10509
Poland,2013,5.746131897,23555.505
Poland,2014,5.750282288,24347.08173
Poland,2015,6.007021904,25299.96744
Poland,2016,6.162076473,26035.84841
Poland,2017,6.201268196,27216.43946
Portugal,2006,5.405246258,26957.62854
Portugal,2008,5.716966629,27590.38407
Portugal,2010,5.094525814,27238.45873
Portugal,2011,5.219997883,26780.20724
Portugal,2012,4.993962288,25805.85457
Portugal,2013,5.157688141,25654.62565
Portugal,2014,5.12691164,26023.70951
Portugal,2015,5.080866337,26607.83577
Portugal,2016,5.446637154,27124.1424
Portugal,2017,5.711499214,27936.89019
Portugal,2018,5.919822693,28624.33421
Qatar,2009,6.417824268,117064.8799
Qatar,2010,6.849652767,125140.8291
Qatar,2011,6.591604233,129349.8554
Qatar,2012,6.611298561,125302.0467
Qatar,2015,6.374529362,119749.4828
Romania,2005,5.048648357,14582.5748
Romania,2007,5.393723965,17190.96255
Romania,2009,5.367565155,17954.12445
Romania,2010,4.909165859,17553.27724
Romania,2011,5.02275753,17997.89116
Romania,2012,5.166874886,18302.02309
Romania,2013,5.081584454,19018.86399
Romania,2014,5.726893425,19677.51371
Romania,2015,5.777491093,20556.00113
Romania,2016,5.96887064,21670.71231
Romania,2017,6.089904785,23313.20211
Romania,2018,6.150878906,24639.17591
Russia,2006,4.963742733,20970.18954
Russia,2007,5.222867489,22798.96817
Russia,2008,5.61875391,24005.98892
Russia,2009,5.158227921,22121.85025
Russia,2010,5.384773254,23107.7883
Russia,2011,5.388766289,24310.0521
Russia,2012,5.620735645,25156.42894
Russia,2013,5.537177563,25551.0986
Russia,2014,6.036976814,25284.5785
Russia,2015,5.995538712,24516.54189
Russia,2016,5.85494566,24416.62946
Russia,2017,5.578742981,24765.94228
Russia,2018,5.513500214,25144.38832
Rwanda,2006,4.21470356,1113.571229
Rwanda,2008,4.362988949,1263.511114
Rwanda,2009,4.029761791,1306.227675
Rwanda,2011,4.097435951,1436.868986
Rwanda,2012,3.333047867,1521.626568
Rwanda,2013,3.466387749,1552.75188
Rwanda,2014,3.595678329,1629.869153
Rwanda,2015,3.483108997,1731.043266
Rwanda,2016,3.332989931,1790.254842
Rwanda,2017,3.10837388,1854.211231
Rwanda,2018,3.5610466,1934.35866
Saudi Arabia,2005,7.079644203,45538.50865
Saudi Arabia,2007,7.266694069,45130.12143
Saudi Arabia,2008,6.811370373,46678.57032
Saudi Arabia,2009,6.14759016,44481.48914
Saudi Arabia,2010,6.307098389,45421.22817
Saudi Arabia,2011,6.699789524,48524.61108
Saudi Arabia,2012,6.396359444,49658.66619
Saudi Arabia,2013,6.495132923,49537.57708
Saudi Arabia,2014,6.27837801,49958.44498
Saudi Arabia,2015,6.345491886,50723.69346
Saudi Arabia,2016,6.473921299,50423.02532
Saudi Arabia,2017,6.294282436,49045.4071
Saudi Arabia,2018,6.356393337,48921.47426
Senegal,2006,4.417352676,2102.475628
Senegal,2007,4.679986954,2147.440355
Senegal,2008,4.683499813,2166.240515
Senegal,2009,4.335114002,2157.398019
Senegal,2010,4.372156143,2183.994811
Senegal,2011,3.834201574,2158.181022
Senegal,2012,3.668736935,2187.17968
Senegal,2013,3.647367001,2195.964131
Senegal,2014,4.394777298,2218.551692
Senegal,2015,4.61700058,2293.853589
Senegal,2016,4.59453392,2379.451556
Senegal,2017,4.683024883,2470.579891
Senegal,2018,4.769377232,2567.514791
Serbia,2007,4.750383854,12206.03876
Serbia,2009,4.380311966,12563.78612
Serbia,2010,4.461304188,12688.12097
Serbia,2011,4.815186501,12967.9203
Serbia,2012,5.154521942,12898.70112
Serbia,2013,5.101840496,13294.95708
Serbia,2014,5.112728596,13112.91375
Serbia,2015,5.317685127,13277.80072
Serbia,2016,5.752754688,13720.89626
Serbia,2017,5.122031212,14048.87692
Serbia,2018,5.936493397,14542.10598
Sierra Leone,2006,3.628185034,1070.347887
Sierra Leone,2007,3.585127354,1124.541046
Sierra Leone,2008,2.997251034,1156.419528
Sierra Leone,2010,4.133955956,1199.989805
Sierra Leone,2011,4.501643658,1246.253071
Sierra Leone,2013,4.514291286,1655.121463
Sierra Leone,2014,4.499970436,1692.142285
Sierra Leone,2015,4.908617973,1314.273517
Sierra Leone,2016,4.732953072,1363.863426
Sierra Leone,2017,4.089562416,1390.300408
Sierra Leone,2018,4.305683136,1431.053564
Singapore,2006,6.462702751,65386.11117
Singapore,2007,6.833754539,68432.69298
Singapore,2008,6.641956806,66046.16494
Singapore,2009,6.144676685,63697.28875
Singapore,2010,6.531401634,72115.80297
Singapore,2011,6.561041832,75113.18044
Singapore,2013,6.53320694,78896.58406
Singapore,2014,7.062364578,80903.55076
Singapore,2015,6.619524956,81741.05974
Singapore,2016,6.033480644,82621.50685
Singapore,2017,6.378437996,85535.40292
Slovakia,2006,5.264676571,21712.16818
Slovakia,2010,6.052223206,25159.06809
Slovakia,2011,5.945048332,25835.00972
Slovakia,2012,5.91105938,26218.46288
Slovakia,2013,5.936527252,26580.72349
Slovakia,2014,6.1388731,27285.28282
Slovakia,2015,6.162004471,28308.87917
Slovakia,2016,5.993163109,29212.3744
Slovakia,2017,6.365509033,30155.14263
Slovakia,2018,6.23511076,31327.00531
Slovenia,2006,5.811264515,28389.33771
Slovenia,2009,5.830160618,28451.541
Slovenia,2010,6.082555294,28678.3812
Slovenia,2011,6.035964012,28804.71403
Slovenia,2012,6.062891006,27976.90951
Slovenia,2013,5.974888802,27622.68808
Slovenia,2014,5.678395271,28417.64433
Slovenia,2015,5.740642071,29037.74832
Slovenia,2016,5.936821461,29930.034
Slovenia,2017,6.166837692,31400.82553
Slovenia,2018,6.249419212,32767.86031
South Africa,2006,5.083986759,11261.95473
South Africa,2007,5.204454422,11741.35492
South Africa,2008,5.346306801,11989.85482
South Africa,2009,5.218430996,11676.04349
South Africa,2010,4.652428627,11887.80491
South Africa,2011,4.930511475,12118.7338
South Africa,2012,5.133887768,12215.24994
South Africa,2013,3.660727262,12339.73609
South Africa,2014,4.828456402,12389.71017
South Africa,2015,4.887325764,12377.66397
South Africa,2016,4.769739628,12286.69395
South Africa,2017,4.513655186,12294.87549
South Africa,2018,4.8839221,12230.94006
South Korea,2006,5.332177639,26697.02653
South Korea,2007,5.76727581,28013.6999
South Korea,2008,5.389624596,28588.37767
South Korea,2009,5.647689819,28642.84844
South Korea,2010,6.116024494,30352.11529
South Korea,2011,6.946599007,31228.51071
South Korea,2012,6.003286839,31776.90771
South Korea,2013,5.958809853,32548.72228
South Korea,2014,5.801325321,33425.68601
South Korea,2015,5.780211449,34177.65134
South Korea,2016,5.970564365,35020.39865
South Korea,2017,5.873887062,35938.37988
South Korea,2018,5.840231419,36738.39257
South Sudan,2014,3.831992388,1935.87933
South Sudan,2015,4.070771217,1875.380281
South Sudan,2016,2.888112307,1569.888505
Spain,2005,7.152785778,32901.97721
Spain,2007,6.994614601,34329.64984
Spain,2008,7.294472694,34163.93188
Spain,2009,6.198601246,32652.50184
Spain,2010,6.188262463,32507.09207
Spain,2011,6.518249035,32068.28291
Spain,2012,6.290690422,31109.19497
Spain,2013,6.150027275,30678.92614
Spain,2014,6.456477642,31195.41087
Spain,2015,6.380663395,32291.1453
Spain,2016,6.318612099,33320.37055
Spain,2017,6.230173111,34272.37115
Spain,2018,6.513370991,35087.29197
Sri Lanka,2006,4.344610691,6921.245097
Sri Lanka,2007,4.414805412,7339.19736
Sri Lanka,2008,4.430846214,7723.239458
Sri Lanka,2009,4.212026596,7945.075478
Sri Lanka,2010,3.976905107,8529.570835
Sri Lanka,2011,4.180569172,9193.3614
Sri Lanka,2012,4.224593163,9980.02271
Sri Lanka,2013,4.364694118,10238.71642
Sri Lanka,2014,4.267932892,10650.38871
Sri Lanka,2015,4.611606598,11079.71213
Sri Lanka,2017,4.330945492,11669.07497
Sri Lanka,2018,4.400223255,12093.06908
Sudan,2009,4.454917431,3338.228044
Sudan,2010,4.435159683,3366.095002
Sudan,2011,4.314456463,3631.662711
Sudan,2012,4.550499439,4097.070546
Sudan,2014,4.138672829,4188.334026
Suriname,2012,6.269286633,15132.24603
Swaziland,2011,4.867091179,7323.996853
Swaziland,2018,4.211565018,7683.040667
Sweden,2005,7.376315594,41227.29641
Sweden,2007,7.241362572,44051.48228
Sweden,2008,7.51599741,43466.12122
Sweden,2009,7.265977383,40862.94943
Sweden,2010,7.496018887,42942.56274
Sweden,2011,7.382232189,43755.04794
Sweden,2012,7.560147762,43308.22587
Sweden,2013,7.434010506,43475.78073
Sweden,2014,7.239147663,44167.62685
Sweden,2015,7.28892231,45679.26167
Sweden,2016,7.368744373,46568.16748
Sweden,2017,7.286804676,46949.29834
Sweden,2018,7.374792099,47426.31334
Switzerland,2006,7.473252773,54531.98984
Switzerland,2009,7.524520874,54805.60018
Switzerland,2012,7.776208878,56149.65168
Switzerland,2014,7.492803574,57218.02076
Switzerland,2015,7.572136879,57264.14876
Switzerland,2016,7.458519936,57421.53611
Switzerland,2017,7.473593235,57410.14686
Switzerland,2018,7.508586884,58451.08168
Syria,2008,5.32333231,5200.995555
Syria,2009,4.978970528,5215.50905
Syria,2010,4.464707851,5633.407856
Syria,2011,4.037889481,5636.245217
Syria,2012,3.164491177,4792.86692
Syria,2013,2.687552929,4053.136108
Taiwan Province of China,2006,6.189050198,37097.61442
Taiwan Province of China,2008,5.547682285,36785.93274
Taiwan Province of China,2010,6.228530884,39961.99081
Taiwan Province of China,2011,6.308915138,40507.77115
Taiwan Province of China,2012,6.125916958,40939.1677
Taiwan Province of China,2013,6.340344429,42371.12895
Taiwan Province of China,2014,6.36349678,44327.51403
Tajikistan,2006,4.613099098,1788.110879
Tajikistan,2007,4.431608677,1886.665567
Tajikistan,2008,5.063986778,1991.893272
Tajikistan,2009,4.575174809,2022.461394
Tajikistan,2010,4.380636215,2106.338947
Tajikistan,2011,4.262671471,2211.753562
Tajikistan,2012,4.496571541,2324.369303
Tajikistan,2013,4.966521263,2440.587314
Tajikistan,2014,4.896157742,2546.500682
Tajikistan,2015,5.124210835,2640.589527
Tajikistan,2016,5.103721142,2762.584855
Tajikistan,2017,5.829234123,2896.912338
Tanzania,2006,3.922484159,1847.60247
Tanzania,2007,4.317949772,1942.488901
Tanzania,2008,4.384741783,1986.914908
Tanzania,2009,3.407507896,2028.609995
Tanzania,2010,3.229129076,2090.583192
Tanzania,2011,4.073562145,2186.131788
Tanzania,2012,4.006897449,2227.828611
Tanzania,2013,3.852394819,2316.442662
Tanzania,2014,3.483278513,2402.098834
Tanzania,2015,3.660597324,2490.9568
Tanzania,2016,2.90273428,2583.589588
Tanzania,2017,3.347121239,2683.3036
Tanzania,2018,3.445023298,2776.402237
Thailand,2006,5.88543272,12024.67735
Thailand,2007,5.783891201,12607.07875
Thailand,2008,5.636471272,12757.15902
Thailand,2009,5.475645065,12605.37159
Thailand,2010,6.216702938,13486.56124
Thailand,2011,6.663609028,13535.13745
Thailand,2012,6.300235271,14448.29867
Thailand,2013,6.231024742,14771.46301
Thailand,2014,6.985463619,14857.2059
Thailand,2015,6.201762676,15252.22421
Thailand,2016,6.07363987,15705.81146
Thailand,2017,5.938895226,16277.67506
Thailand,2018,6.011561871,16895.9453
Togo,2006,3.202429295,1195.740182
Togo,2008,2.807855129,1184.601593
Togo,2011,2.936220884,1233.834713
Togo,2014,2.83895874,1315.339957
Togo,2015,3.768301964,1351.053718
Togo,2016,3.878578424,1388.496375
Togo,2017,4.360805035,1429.813536
Togo,2018,4.022894859,1461.773189
Trinidad and Tobago,2006,5.832188606,29777.57317
Trinidad and Tobago,2008,6.696444035,31951.02965
Trinidad and Tobago,2011,6.518745899,31012.71608
Trinidad and Tobago,2013,6.167706966,31405.43758
Trinidad and Tobago,2017,6.191859722,28763.07169
Tunisia,2009,5.025470257,10195.58054
Tunisia,2010,5.130520821,10436.36643
Tunisia,2011,4.87648201,10120.67677
Tunisia,2012,4.463531017,10404.22835
Tunisia,2013,5.245604992,10579.12292
Tunisia,2014,4.763594627,10767.02588
Tunisia,2015,5.131611824,10765.88617
Tunisia,2016,4.521453381,10761.51325
Tunisia,2017,4.124342918,10849.29969
Tunisia,2018,4.741132259,10987.06419
Turkey,2005,4.718733788,16309.68511
Turkey,2007,5.623471737,17901.48195
Turkey,2008,5.118231773,17836.81011
Turkey,2009,5.212841511,16783.44831
Turkey,2010,5.490347385,17959.2619
Turkey,2011,5.271944046,19660.89411
Turkey,2012,5.309076309,20282.03827
Turkey,2013,4.888177395,21650.75737
Turkey,2014,5.579794407,22401.87775
Turkey,2015,5.514465332,23388.47158
Turkey,2016,5.326221943,23756.49188
Turkey,2017,5.607262135,25129.33367
Turkey,2018,5.185689449,25563.40711
Turkmenistan,2009,6.567713261,9248.886226
Turkmenistan,2011,5.791754723,11212.54022
Turkmenistan,2012,5.463827133,12235.37331
Turkmenistan,2013,5.391762733,13236.04163
Turkmenistan,2014,5.787379265,14332.36158
Turkmenistan,2015,5.791460037,14992.32231
Turkmenistan,2016,5.887051582,15648.3704
Turkmenistan,2017,5.229148865,16389.01683
Turkmenistan,2018,4.620601654,17145.03721
Uganda,2006,3.733583927,1308.421352
Uganda,2007,4.45583868,1370.274549
Uganda,2008,4.568619251,1439.110496
Uganda,2009,4.611985683,1485.027135
Uganda,2010,4.192882061,1515.86633
Uganda,2011,4.826001167,1602.545014
Uganda,2012,4.309237957,1608.439807
Uganda,2013,3.709578753,1610.810704
Uganda,2014,3.769919157,1637.275377
Uganda,2015,4.237686634,1665.950152
Uganda,2016,4.233261108,1687.082681
Uganda,2017,4.000516891,1697.706758
Uganda,2018,4.321714878,1734.907263
Ukraine,2006,4.803954124,7828.077442
Ukraine,2007,5.25218153,8497.062673
Ukraine,2008,5.172380447,8739.683318
Ukraine,2009,5.1656394,7479.340813
Ukraine,2010,5.057561398,7824.494852
Ukraine,2011,5.083132744,8281.868474
Ukraine,2012,5.030342102,8322.176008
Ukraine,2013,4.710802555,8338.915332
Ukraine,2014,4.297329903,8243.469813
Ukraine,2015,3.964542866,7464.939196
Ukraine,2016,4.028690338,7668.056686
Ukraine,2017,4.311067104,7894.396037
Ukraine,2018,4.661909103,8201.126376
United Arab Emirates,2006,6.734221935,88086.37203
United Arab Emirates,2009,6.866062641,60769.88683
United Arab Emirates,2010,7.097455502,57232.5921
United Arab Emirates,2011,7.118701458,58363.68585
United Arab Emirates,2012,7.217766762,59419.07641
United Arab Emirates,2013,6.620951176,61688.38606
United Arab Emirates,2014,6.539854527,63943.17786
United Arab Emirates,2015,6.568397522,66569.37704
United Arab Emirates,2016,6.83095026,67705.96559
United Arab Emirates,2017,7.039419651,67293.46632
United Arab Emirates,2018,6.603743553,68028.22132
United Kingdom,2005,6.983556747,37159.79207
United Kingdom,2007,6.801930904,38384.25989
United Kingdom,2008,6.986463547,37903.3653
United Kingdom,2009,6.90654707,36042.41318
United Kingdom,2010,7.029364109,36366.96936
United Kingdom,2011,6.869248867,36607.97364
United Kingdom,2012,6.880784035,36892.84171
United Kingdom,2013,6.918055058,37398.80944
United Kingdom,2014,6.758147717,38251.79194
United Kingdom,2015,6.515445232,38839.16595
United Kingdom,2016,6.8242836,39309.32146
United Kingdom,2017,7.103273392,39753.23388
United Kingdom,2018,7.233445168,40012.51943
United States,2006,7.18179369,50598.94574
United States,2007,7.512687683,51011.4119
United States,2008,7.280385971,50383.84952
United States,2009,7.158032417,48557.84911
United States,2010,7.16361618,49374.19833
United States,2011,7.115138531,49793.72566
United States,2012,7.026226997,50520.35133
United States,2013,7.249285221,51003.67741
United States,2014,7.151114464,51921.96593
United States,2015,6.863946915,53005.65055
United States,2016,6.803599834,53399.37462
United States,2017,6.9917593,54225.44863
United States,2018,6.882684708,55407.22749
Uruguay,2006,5.785868168,13485.55806
Uruguay,2007,5.693945885,14330.2978
Uruguay,2008,5.663869858,15307.86075
Uruguay,2009,6.296222687,15900.83059
Uruguay,2010,6.062010765,17082.39761
Uruguay,2011,6.554047108,17904.74303
Uruguay,2012,6.449728489,18477.38209
Uruguay,2013,6.444464684,19270.58107
Uruguay,2014,6.561443806,19827.57246
Uruguay,2015,6.628080368,19831.44919
Uruguay,2016,6.171485424,20093.63349
Uruguay,2017,6.336009979,20551.41437
Uruguay,2018,6.371714592,21155.63298
Uzbekistan,2006,5.232322216,3253.219617
Uzbekistan,2008,5.311368465,3781.528484
Uzbekistan,2009,5.26072073,4019.435664
Uzbekistan,2010,5.095342159,4239.701699
Uzbekistan,2011,5.738744259,4469.995961
Uzbekistan,2012,6.019331932,4765.861098
Uzbekistan,2013,5.939986229,5067.362541
Uzbekistan,2014,6.049212456,5370.864511
Uzbekistan,2015,5.972364426,5700.23669
Uzbekistan,2016,5.892539024,6038.930515
Uzbekistan,2017,6.421447754,6253.104144
Uzbekistan,2018,6.205460072,6459.87354
Venezuela,2005,7.169620991,14948.12163
Venezuela,2006,6.525146008,16149.47639
Venezuela,2008,6.257771492,17897.09493
Venezuela,2009,7.188803196,17053.92833
Venezuela,2010,7.47845459,16544.97358
Venezuela,2011,6.579789162,16981.33488
Venezuela,2012,7.066577435,17678.80606
Venezuela,2013,6.552796364,17665.23911
Venezuela,2014,6.136096478,16745.0141
Venezuela,2015,5.568800449,15602.89025
Venezuela,2016,4.041114807,13822.5773
Venezuela,2017,5.070750713,12572.85959
Venezuela,2018,5.005663395,10617.73333
Vietnam,2006,5.293659687,3609.684793
Vietnam,2007,5.421687603,3831.244987
Vietnam,2008,5.480425358,4009.959601
Vietnam,2009,5.304264545,4185.020063
Vietnam,2010,5.295780659,4408.167595
Vietnam,2011,5.767344475,4632.766041
Vietnam,2012,5.53456974,4821.138308
Vietnam,2013,5.022698879,5024.43846
Vietnam,2014,5.084923267,5264.828167
Vietnam,2015,5.076315403,5554.856896
Vietnam,2016,5.062267303,5837.629232
Vietnam,2017,5.175278664,6171.883645
Vietnam,2018,5.295547009,6525.127644
Yemen,2007,4.477132797,4192.210296
Yemen,2009,4.809258938,4272.811469
Yemen,2010,4.35031271,4478.743496
Yemen,2011,3.746255636,3805.238501
Yemen,2012,4.060600758,3793.411998
Yemen,2013,4.217678547,3872.78529
Yemen,2014,3.967957973,3766.803663
Yemen,2015,2.982673883,2308.636622
Yemen,2016,3.825630903,1479.14728
Zambia,2006,4.824454784,2607.132857
Zambia,2007,3.998293161,2748.85852
Zambia,2008,4.730263233,2881.812175
Zambia,2009,5.260360718,3060.068759
Zambia,2011,4.99911356,3361.113316
Zambia,2012,5.013374805,3509.413446
Zambia,2013,5.243995667,3576.682218
Zambia,2014,4.345837116,3632.50442
Zambia,2015,4.843164444,3627.201101
Zambia,2016,4.347543716,3652.151023
Zambia,2017,3.932777405,3689.250628
Zambia,2018,4.041488171,3729.233574
Zimbabwe,2006,3.826268435,1582.408781
Zimbabwe,2007,3.280246735,1501.078449
Zimbabwe,2008,3.174263716,1215.020435
Zimbabwe,2009,4.055914402,1336.212826
Zimbabwe,2010,4.681569576,1474.877147
Zimbabwe,2011,4.845641613,1667.138184
Zimbabwe,2012,4.955100536,1871.366712
Zimbabwe,2013,4.690187931,1929.765166
Zimbabwe,2014,4.184450626,1925.138516
Zimbabwe,2015,3.70319128,1912.280391
Zimbabwe,2016,3.7354002,1879.628306
Zimbabwe,2017,3.63830018,1899.775364
Zimbabwe,2018,3.616479874,1907.206327
