daded,momed,sinmom14,black,wage,iqscore,exp,ed
8,8,no,no,481,93,9,12
14,12,no,no,721,103,16,12
11,12,no,no,250,88,10,11
8,7,no,no,729,108,16,12
9,12,no,no,500,85,8,12
14,14,no,no,565,119,9,18
14,14,no,no,608,108,9,14
12,12,no,no,425,96,10,12
12,12,no,no,515,97,11,12
11,12,no,no,225,84,13,9
11,6,no,no,400,89,8,12
11,6,no,no,417,93,7,11
11,6,no,no,217,74,13,11
9.94,8,yes,yes,894,116,9,16
12,8,no,no,346,93,16,12
9.94,12,yes,no,658,100,9,14
8,8,no,no,575,91,10,10
8,8,no,no,649,88,14,12
9.94,8,no,no,614,114,10,18
5,14,no,no,726,111,11,15
11,12,no,no,693,95,14,12
14,13,no,no,1400,132,10,18
16,16,no,no,1800,109,8,18
11,12,no,no,413,108,7,12
9.94,16,yes,no,632,102,9,14
12,12,no,no,208,106,7,12
9.94,11,yes,yes,457,104,7,12
10,10,no,no,824,119,2,16
9.94,12,yes,no,577,122,10,18
6,10,no,no,255,90,11,11
12,12,no,no,962,118,8,16
8,6,no,no,944,105,15,10
6,12,no,yes,235,65,7,11
11,10,no,no,1000,120,16,12
9.94,12,yes,no,481,86,11,9
10,12,no,no,624,109,11,15
8,10,no,no,650,72,17,11
12,11,no,no,353,101,6,12
9.94,12,yes,no,659,105,6,13
10,11,no,no,440,101,7,12
12,10,no,yes,738,96,8,12
9.94,8,yes,no,705,101,9,12
10,12,no,no,425,91,9,12
12,12,no,no,538,115,8,16
12,12,no,no,740,113,10,16
10,10,no,no,769,95,16,12
10,10,no,no,592,102,6,12
12,12,no,no,1563,145,12,16
11,11,no,no,774,114,6,16
8,9,no,no,600,113,8,12
8,12,no,no,570,93,12,13
12,12,no,no,538,119,7,15
12,9,no,no,627,108,7,12
6,11,no,no,545,72,8,12
12,9,no,no,576,86,7,12
14,12,no,no,700,123,3,16
12,12,no,no,788,103,6,16
12,12,no,no,1012,101,4,17
10,12,no,no,500,95,8,12
8,6,no,no,550,98,14,11
8,8,no,no,810,115,7,18
9.94,9,yes,yes,313,60,10,12
9.94,4,yes,no,731,135,1,18
14,11,no,no,817,102,7,16
15,12,no,no,865,91,10,14
12,12,no,no,350,104,7,15
16,16,no,no,505,97,13,13
12,13,no,no,816,125,7,17
14,12,no,no,625,123,2,18
16,16,no,no,769,128,8,18
9.94,8,yes,no,650,103,12,12
10,12,no,no,769,130,4,18
10,12,no,no,512,97,8,12
12,13,no,no,625,132,7,18
12,12,no,no,1111,98,11,14
12,12,no,no,721,108,9,13
13,12,no,no,1154,107,12,14
18,18,no,no,827,129,10,18
14,17,no,no,1076,132,5,17
9.94,8,no,no,625,101,15,12
9.94,8,yes,no,460,92,8,13
8,12,no,yes,900,108,4,14
8,9,no,no,682,132,5,18
12,15,no,no,625,106,8,13
12,12,no,no,1005,123,8,18
9,11,no,no,725,109,7,11
8,11,no,no,750,103,6,15
9.94,8,no,no,529,108,9,14
8,12,no,no,972,122,6,17
12,12,no,no,472,109,8,12
12,12,no,no,325,102,6,12
9.94,12,no,no,875,109,16,12
9,10,no,no,625,100,15,13
8,10,no,no,337,93,8,12
5,5,no,no,481,115,5,16
15,14,no,no,962,125,6,18
13,12,no,no,615,106,7,16
12,12,no,no,702,113,8,14
9.94,12,no,no,635,122,11,14
10,10,no,no,817,116,9,12
9.94,12,yes,no,577,116,6,14
12,12,no,no,466,105,3,17
12,12,no,no,635,113,8,14
12,12,no,no,705,94,7,16
12,9,no,no,635,103,8,14
9.94,12,no,no,694,102,12,12
10,12,no,no,615,109,15,13
15,10,no,no,462,130,4,16
12,12,no,no,865,105,16,12
12,12,no,no,737,134,9,18
9.94,7,yes,no,808,105,13,12
11,12,no,no,654,104,4,16
9.94,12,yes,no,300,112,7,12
8,10,no,no,577,115,8,16
8,8,no,no,594,117,7,18
12,8,no,no,325,114,3,17
12,12,no,no,1000,107,1,18
8,11,no,no,465,120,4,18
16,18,no,no,440,131,6,16
16,17,no,no,625,124,5,16
11,12,no,no,285,121,4,17
10,12,no,no,650,110,7,14
10,12,no,no,808,103,6,13
14,12,no,no,831,115,4,16
8,6,no,no,500,96,13,12
12,12,no,no,693,123,9,17
12,10,no,no,1100,101,9,12
8,12,no,no,763,98,7,12
7,8,no,no,333,108,3,16
16,12,no,no,409,138,6,18
9.94,12,no,no,865,121,5,16
8,12,no,no,888,96,13,12
9.94,12,no,no,673,89,16,12
7,10.25,no,no,700,109,15,12
16,16,no,no,250,133,9,18
11,9,no,no,625,84,10,11
8,12,no,no,576,98,9,13
12,9,no,yes,613,85,8,12
11,9,no,no,700,105,13,12
11,9,no,no,450,93,6,12
9.94,12,yes,no,500,115,6,16
12,12,no,no,250,146,3,16
9,12,no,no,375,82,11,12
9.94,12,yes,no,457,120,13,15
9.94,12,yes,no,951,122,10,12
9.94,10.25,no,no,500,110,3,16
16,12,no,no,726,114,8,18
18,12,no,no,1265,117,5,18
18,18,no,yes,613,109,3,17
10,11,no,no,545,91,10,12
16,12,no,no,1442,114,10,18
16,12,no,no,995,126,5,16
11,11,no,no,700,82,11,12
9,12,no,no,577,119,6,16
6,12,no,no,858,104,9,16
12,10.25,no,no,686,97,10,12
11,10.25,no,no,832,115,10,15
12,12,no,no,689,97,14,12
8,8,no,no,769,119,10,14
12,14,no,no,385,105,6,15
10,12,no,no,615,114,9,12
9.94,8,yes,no,682,93,16,12
9.94,10.25,yes,no,670,73,16,10
8,8,no,no,800,96,16,11
12,16,no,no,1026,117,6,18
16,12,no,no,769,113,4,15
10,14,no,no,290,106,16,10
9.94,8,yes,no,529,104,9,13
12,10.25,no,no,549,80,13,10
8,12,no,no,475,104,8,12
12,12,no,no,450,102,8,12
10,10.25,no,no,875,114,4,17
16,16,no,no,300,122,7,13
16,10.25,no,no,462,117,3,16
13,12,no,no,385,96,12,12
16,16,no,no,1282,95,11,15
12,12,no,no,588,117,3,16
17,16,no,no,600,105,9,12
8,8,no,yes,440,94,15,12
14,12,no,no,929,91,6,17
14,12,no,no,556,96,5,16
14,12,no,no,438,114,5,13
9,10,no,yes,600,54,11,12
9,10,no,yes,575,69,8,12
9,10,no,yes,389,67,8,12
12,10.25,no,no,795,110,16,12
18,16,no,no,471,125,3,18
15,17,no,no,350,113,1,17
10,12,no,no,375,100,4,14
12,9,no,no,481,97,3,16
8,8,no,no,962,125,7,18
12,12,no,no,423,106,6,15
11,12,no,no,500,101,6,15
10,9,no,no,575,91,14,12
10,8,no,no,577,86,15,12
8,9,no,no,310,110,13,12
9.94,12,no,no,1322,92,12,14
12,9,no,no,551,85,18,10
8,8,no,no,881,120,7,17
9.94,9,yes,no,427,107,8,12
9.94,9,yes,no,576,116,2,16
12,12,no,no,577,112,5,16
7,11,no,no,770,100,7,12
7,12,no,no,500,112,8,12
14,12,no,no,391,108,6,16
12,10,no,no,810,90,16,12
12,10.25,no,yes,543,86,19,9
12,12,no,no,864,127,2,17
9.94,8,no,yes,700,86,12,10
12,12,no,no,510,113,7,12
9,12,no,no,615,111,15,13
9,8,no,no,761,113,9,14
9.94,10.25,no,no,493,81,15,10
12,12,no,no,445,111,2,16
12,12,no,no,700,114,2,16
12,12,no,no,608,111,11,12
7,8,no,no,450,106,5,13
12,12,no,no,500,79,13,14
11,12,no,no,365,98,8,12
10,12,no,no,813,105,8,12
9.94,10,yes,no,524,105,11,12
9,12,no,no,815,118,9,13
11,12,no,no,750,100,10,12
8,12,no,no,1125,90,14,12
8,9,no,no,625,95,10,12
12,12,no,no,715,112,5,14
8,12,no,no,591,96,13,12
10,12,no,no,675,120,10,12
10,12,no,no,444,123,7,12
8,12,no,no,325,114,8,12
15,16,no,no,668,103,7,13
18,16,no,no,2404,121,7,18
12,12,no,no,986,90,12,16
12,12,no,no,577,125,7,12
12,12,no,no,286,104,6,17
18,16,no,no,231,106,8,14
9,10,no,no,615,122,7,15
9,10,no,no,700,120,4,15
12,7,no,no,714,112,9,18
8,9,no,no,868,109,4,18
9,10,no,no,917,128,7,16
12,12,no,no,1065,97,9,12
12,12,no,no,400,96,11,12
12,12,no,no,640,103,9,12
8,12,no,no,817,97,6,12
10,9,no,no,975,120,4,17
6,7,no,yes,750,78,11,12
7,8,no,no,463,118,3,15
11,9,no,no,401,89,9,12
7,6,no,no,625,98,6,14
9.94,7,no,no,553,112,12,12
5,2,no,no,579,88,16,12
12,12,no,no,1923,136,9,18
13,10,no,no,806,124,4,16
9.94,6,yes,yes,344,96,11,12
11,14,no,no,962,97,14,12
12,10,no,no,837,107,10,18
9.94,10.25,no,no,563,111,6,16
10,10,no,no,1410,102,6,16
9.94,12,no,no,480,115,7,12
7,12,no,yes,417,92,5,14
16,13,no,no,300,116,3,16
9,6,no,no,721,101,14,12
8,10.25,no,no,856,99,16,12
10,7,no,no,738,106,14,10
6,10.25,no,no,572,122,17,11
9.94,9,no,no,805,88,14,12
6,8,no,no,400,59,14,10
12,16,no,no,962,126,5,18
13,16,no,no,817,126,3,18
12,12,no,no,721,105,6,18
16,16,no,no,913,123,0,18
8,12,no,no,379,119,4,17
8,12,no,no,350,108,6,14
8,8,no,no,694,93,16,11
9.94,12,no,no,1014,82,14,12
16,16,no,no,1136,123,10,18
16,16,no,no,1709,134,6,18
12,8,no,no,529,84,8,12
12,16,no,yes,673,101,9,17
17,12,no,no,846,117,4,18
12,12,no,no,710,98,10,11
12,13,no,no,820,118,4,16
9,10,no,no,500,129,4,15
12,12,no,no,1049,96,9,16
16,12,no,no,1202,124,5,18
8,10,no,no,648,122,6,16
12,12,no,no,875,85,11,13
12,8,no,no,2244,111,13,15
12,8,no,no,1442,90,13,12
10,16,no,no,1262,101,9,18
11,9,no,no,600,100,6,12
9.94,10,no,yes,300,95,9,11
12,12,no,no,538,120,2,16
9.94,8,no,no,1000,90,10,12
12,15,no,no,561,122,4,16
18,18,no,no,285,140,2,18
16,12,no,no,437,106,5,16
12,12,no,no,325,93,6,13
10,12,no,no,580,119,6,16
12,12,no,yes,588,95,4,16
14,12,no,no,801,115,5,18
8,10,no,no,312,119,5,14
4,11,no,yes,250,67,11,12
4,11,no,yes,500,97,6,15
9.94,12,yes,yes,750,111,15,12
11,11,no,no,250,112,7,15
8,8,no,no,400,93,7,12
14,12,no,no,555,122,4,17
12,12,no,no,699,106,7,15
9.94,10,no,no,1216,127,8,18
12,12,no,no,615,113,7,16
12,12,no,no,745,115,5,14
16,10,no,no,647,118,1,18
8,12,no,no,745,106,7,12
17,12,no,no,815,118,3,16
13,10,no,no,865,126,9,16
7,8,no,no,542,95,10,12
18,12,no,no,365,107,8,13
18,12,no,no,417,100,8,10
9.94,12,yes,no,657,102,5,16
9.94,12,yes,no,529,113,5,15
8,12,no,no,851,96,6,17
12,9,no,no,663,106,7,12
9,12,no,no,889,111,4,18
18,12,no,no,231,138,2,18
10,9,no,no,802,110,14,12
12,14,no,yes,775,85,4,15
16,10.25,no,no,865,113,11,16
10,12,no,no,1014,117,6,16
16,16,no,no,641,126,8,18
10,10,no,no,333,125,2,16
8,12,no,no,528,125,2,18
12,11,no,no,817,125,1,18
18,12,no,no,692,129,5,18
12,8,no,no,989,118,11,16
16,12,no,no,1002,121,10,18
12,12,no,no,1241,115,10,18
9.94,12,no,no,921,120,12,14
7,8,no,no,571,85,10,12
6,11,no,no,525,109,13,12
8,12,no,no,1154,117,10,12
10,12,no,no,635,104,4,14
11,12,no,no,388,109,7,13
8,10,no,no,688,105,8,12
9.94,10.25,no,no,630,85,16,12
12,8,no,no,1044,115,13,15
9.94,12,yes,no,500,89,7,12
9.94,12,yes,no,781,85,16,12
12,11,no,no,577,102,7,13
10,11,no,no,524,106,5,14
10,10,no,no,625,101,8,12
9,12,no,no,1010,105,9,16
9,12,no,no,601,116,8,12
7,7,no,no,426,90,10,12
5,11,no,no,1060,91,12,12
5,11,no,no,414,128,8,12
9.94,7,yes,no,492,110,12,12
9.94,7,yes,no,325,93,9,12
12,7,no,no,275,75,10,12
8,12,no,no,291,94,7,12
12,12,no,no,488,112,6,14
12,12,no,no,337,121,4,14
12,12,no,no,725,100,9,12
12,12,no,no,440,109,6,13
8,8,no,no,641,122,5,16
8,11,no,no,375,102,10,12
9.94,10.25,no,no,481,131,7,12
10,8,no,no,925,122,9,14
10,10,no,no,1065,105,15,12
9.94,10,no,no,638,103,10,12
9,9,yes,no,739,113,14,12
12,8,no,no,493,104,8,12
11,9,no,no,629,124,8,16
8,12,no,no,409,110,9,13
9.94,10.25,no,no,600,112,9,18
11,12,no,no,745,104,10,12
12,12,no,no,549,95,11,12
12,12,no,no,875,103,8,12
12,12,no,no,639,116,7,12
12,12,no,no,504,95,9,14
9.94,18,yes,no,721,120,6,16
8,8,no,no,785,102,9,12
8,12,no,no,546,105,16,12
8,8,no,no,828,103,7,12
10,10,no,no,159,94,7,12
10,12,no,no,721,102,9,13
12,16,no,no,553,112,3,16
7,6,no,no,542,101,6,14
12,12,no,no,509,121,2,16
12,12,no,no,385,105,2,16
10,8,no,no,1442,96,14,12
14,14,no,no,879,128,10,16
12,9,no,no,863,110,10,12
11,12,no,no,740,92,9,12
9.94,10.25,no,no,889,87,16,12
9.94,9,no,no,450,98,16,12
9.94,10.25,no,no,700,103,16,12
8,12,no,no,744,122,13,14
12,11,no,no,889,109,10,16
12,12,no,no,692,125,8,18
12,12,no,no,604,119,9,18
9.94,14,yes,no,625,97,6,18
8,12,no,no,746,103,13,14
8,16,no,no,726,95,9,18
8,10,no,no,560,99,12,12
12,10,no,no,424,106,8,12
9.94,12,yes,no,400,117,8,12
12,12,no,no,250,112,6,14
8,12,no,no,646,136,7,13
8,8,no,no,1000,110,9,12
12,13,no,no,528,111,10,12
12,13,no,no,481,115,8,12
6,12,no,no,850,90,15,12
9.94,10.25,no,no,506,98,10,14
8,8,no,no,512,106,11,12
11,12,no,no,240,95,13,12
11,12,no,no,557,115,10,12
12,12,no,no,500,106,6,15
9.94,10.25,no,no,372,102,4,16
8,8,no,no,350,91,9,10
8,8,no,no,584,114,8,12
10,12,no,no,515,92,7,13
9.94,10.25,no,no,390,111,11,12
12,12,no,no,280,111,3,16
9.94,12,no,no,300,96,8,12
12,13,no,no,635,119,4,17
12,13,no,no,342,85,7,13
12,12,no,no,505,98,4,16
12,12,no,no,356,114,5,13
9.94,10.25,no,no,262,79,15,12
16,16,no,no,740,108,10,13
8,12,no,no,276,121,8,15
12,10.25,no,no,239,117,7,12
4,8,no,no,350,107,11,12
10,12,no,no,750,105,10,15
12,9,no,no,692,105,11,16
12,14,no,no,147,88,16,12
12,10,no,no,280,96,8,12
9.94,7,no,no,769,105,8,18
16,14,no,no,517,100,6,14
16,14,no,no,400,116,4,16
12,10,no,no,375,86,7,12
12,10,no,no,596,88,13,12
9.94,10.25,no,no,417,97,16,11
9.94,12,yes,no,338,112,7,16
18,14,no,no,481,125,2,18
9,10.25,no,no,450,84,18,10
14,12,no,no,769,117,7,16
14,12,no,no,721,110,4,16
9.94,9,no,no,1000,104,10,13
12,12,no,no,625,101,10,14
12,11,no,no,817,99,4,16
8,10.25,no,no,377,87,16,12
9.94,10.25,no,no,708,101,15,12
12,12,no,no,411,117,4,14
9.94,10.25,no,no,1339,108,13,13
9.94,9,no,yes,192,86,16,10
10,10,no,yes,924,69,12,16
12,12,no,no,625,104,6,13
9,11,no,yes,503,109,10,12
8,8,no,no,462,85,6,16
9,11,no,no,476,114,3,16
8,13,no,no,500,99,5,15
9.94,10.25,no,no,663,90,15,13
12,12,no,no,707,119,13,15
9.94,10.25,no,no,928,120,9,16
18,12,no,no,365,112,6,15
9.94,10.25,no,no,645,97,12,12
14,12,no,no,462,107,1,18
8,12,no,no,1026,117,9,18
16,16,no,no,375,125,5,18
18,16,no,no,1538,112,10,18
18,14,no,no,923,106,9,18
8,12,no,no,568,104,7,13
8,12,no,no,600,89,5,14
17,12,no,no,721,116,6,15
9.94,8,yes,no,712,123,7,14
9.94,8,no,no,808,118,7,16
8,12,no,no,925,106,10,11
9.94,10.25,yes,no,271,91,8,12
7,12,no,no,1200,103,12,12
6,8,no,no,581,114,13,14
12,8,no,yes,686,105,11,17
12,8,no,yes,1000,84,8,18
12,16,no,no,500,81,10,12
3,12,no,no,750,118,14,13
12,12,no,no,577,113,2,16
8,12,no,no,601,121,8,12
6,12,no,no,577,102,13,12
9.94,6,no,no,677,104,14,12
9,10,no,yes,473,106,3,18
12,12,no,no,378,108,2,16
16,13,no,no,243,121,3,16
7,12,no,no,750,87,8,12
12,14,no,no,441,107,6,18
12,14,no,no,688,112,9,14
12,14,no,no,501,116,1,18
12,12,no,no,400,115,11,12
12,12,no,no,981,107,8,12
12,12,no,no,649,117,10,14
9.94,10.25,yes,no,625,110,14,12
11,12,no,no,1043,96,11,12
6,6,no,yes,575,91,8,13
9.94,6,yes,yes,865,97,6,14
12,8,no,yes,713,90,10,12
7,8,no,no,673,112,5,16
7,8,no,no,662,97,7,12
11,8,no,no,543,120,9,14
8,9,no,yes,500,99,16,12
5,8,no,no,240,99,10,10
9.94,10.25,no,no,462,85,15,12
9.94,11,yes,yes,404,97,9,12
9.94,11,yes,yes,450,95,7,12
9.94,6,no,yes,962,80,10,12
9.94,8,yes,no,750,126,7,14
8,12,no,no,692,109,11,17
9.94,11,yes,yes,710,86,12,11
12,12,no,no,833,112,9,12
12,12,no,no,625,119,7,16
12,12,no,no,673,102,3,16
12,10,no,no,400,128,10,17
12,10.25,no,no,518,82,19,9
12,12,no,no,409,113,10,17
5,9,no,no,559,105,10,18
13,13,no,no,1202,94,4,14
9.94,12,no,no,329,117,2,17
14,14,no,no,481,116,3,18
12,12,no,no,1282,112,12,16
9,9,no,no,444,105,3,18
9.94,9,yes,yes,481,87,6,16
16,12,no,yes,467,108,6,12
12,12,no,no,286,89,6,15
12,12,no,no,577,119,9,18
12,12,no,no,721,97,9,14
6,8,no,no,462,89,7,12
6,12,no,no,200,131,6,12
16,16,no,no,769,85,6,16
16,16,no,no,641,114,2,16
14,10,no,no,1055,98,13,14
14,12,no,no,676,110,9,16
9.94,10.25,no,no,691,124,10,12
14,12,no,no,400,90,9,13
14,12,no,no,673,108,5,16
10,11,no,yes,1442,112,10,18
16,10,no,no,529,100,8,18
9,11,no,yes,700,84,7,14
8,10,no,no,494,97,1,18
12,8,no,no,500,113,6,12
9,10,no,yes,575,88,11,12
9,10,no,yes,350,74,7,12
12,12,no,no,643,115,7,16
12,12,no,no,679,91,7,15
12,9,no,no,534,103,9,12
12,10,no,no,524,102,9,16
10,10,no,no,667,98,6,16
9,12,no,no,311,82,3,18
10,12,no,no,660,112,11,14
8,9,no,no,692,108,9,16
9.94,7,no,no,577,90,7,15
5,8,no,no,292,111,5,16
8,11,no,no,750,96,7,13
16,16,no,no,1202,127,11,16
9.94,8,no,no,1603,97,12,15
9.94,12,no,no,769,120,12,14
14,16,no,no,513,101,9,16
9.94,8,yes,no,805,100,13,12
16,16,no,no,675,104,7,12
8,8,no,no,398,116,5,13
12,12,no,no,855,120,13,14
9.94,9,yes,yes,693,95,8,11
10,8,no,yes,345,99,8,13
9.94,10.25,no,yes,561,68,9,12
16,16,no,no,469,122,7,16
12,12,no,no,300,106,4,16
12,9,no,no,673,101,1,18
8,6,no,no,808,104,11,16
12,12,no,no,1425,101,11,12
11,5,no,no,761,110,10,12
11,5,no,no,600,94,8,12
12,15,no,no,1111,111,10,16
13,17,no,no,763,120,11,16
8,8,no,no,650,108,14,12
16,16,no,no,1155,111,7,14
11,11,no,no,555,103,11,12
9.94,10.25,no,no,800,97,14,11
10,11,no,no,1000,97,9,11
13,11,no,no,864,106,13,12
9.94,6,no,no,613,109,13,13
9.94,10.25,no,yes,707,96,11,13
10,12,no,yes,300,62,9,10
9.94,12,yes,no,1322,117,12,16
9.94,10.25,no,yes,400,83,9,11
9.94,10.25,yes,yes,498,99,8,11
9.94,11,yes,yes,663,72,17,10
8,11,no,yes,600,88,17,10
16,12,no,no,1034,123,8,18
12,12,no,no,1079,91,5,14
12,12,no,no,400,98,0,18
13,12,no,no,641,119,11,16
9.94,8,no,no,620,87,14,12
12,11,no,no,481,121,7,17
8,12,no,no,545,112,8,12
12,12,no,no,786,113,6,14
12,12,no,no,485,125,1,18
12,12,no,no,695,128,7,15
15,12,no,no,793,103,11,15
18,16,no,no,1923,99,11,16
12,12,no,no,793,101,12,15
9.94,10.25,no,no,900,117,7,15
8,8,no,no,654,109,12,14
12,12,no,no,513,73,9,12
16,16,no,no,500,116,5,16
12,12,no,no,438,105,9,12
12,12,no,no,500,98,7,12
9.94,18,yes,no,1264,122,9,18
12,14,no,no,747,104,6,14
12,12,no,no,513,78,7,14
9.94,10.25,yes,no,700,104,15,12
14,12,no,no,672,93,7,16
12,12,no,no,1202,134,9,18
12,12,no,no,667,85,12,12
10,12,no,no,543,104,7,12
9.94,10.25,no,no,797,107,13,12
12,8,no,no,500,93,9,12
6,5,no,no,350,94,11,11
10,8,no,no,726,109,15,12
9.94,11,no,yes,536,119,14,13
12,12,no,yes,532,98,7,13
10,12,no,no,850,112,8,18
12,8,no,no,474,104,4,16
11,10,no,no,656,96,7,13
10,11,no,no,462,102,5,14
9,10.25,no,no,673,103,6,16
9.94,10.25,no,no,800,95,13,12
9.94,10.25,no,no,334,93,8,12
6,8,no,no,702,122,7,13
6,8,no,no,524,107,7,12
9.94,12,no,no,577,97,14,12
12,12,no,no,423,115,8,18
9.94,10.25,no,no,874,120,5,18
9.94,12,yes,no,640,103,7,15
12,14,no,no,1101,106,7,16
12,14,no,no,649,96,4,16
8,8,no,no,450,114,8,12
9.94,9,yes,no,698,86,10,11
12,13,no,no,556,110,6,16
12,12,no,no,673,126,7,15
8,8,no,no,308,102,11,13
12,12,no,no,585,87,16,12
12,13,no,no,781,89,6,12
9.94,8,yes,no,656,106,9,12
8,5,no,no,423,100,10,12
12,12,no,no,1282,98,6,16
11,12,no,no,962,97,7,12
4,16,no,no,800,111,12,12
12,12,no,no,750,100,15,12
12,12,no,no,647,110,5,18
10,12,no,no,938,114,11,12
6,8,no,no,192,95,11,12
9.94,10.25,no,no,818,116,6,18
9.94,13,no,no,813,98,6,18
10,12,no,no,727,90,11,12
10,12,no,no,1125,116,6,12
14,10.25,no,yes,403,97,8,12
8,9,no,no,705,89,9,11
11,12,no,no,833,117,5,17
12,12,no,no,730,87,8,12
9,11,no,no,542,74,10,10
11,11,no,no,823,91,10,12
11,11,no,no,438,90,8,12
14,12,no,no,427,112,2,16
11,12,no,no,340,90,12,12
14,11,no,no,481,130,15,13
10,12,no,no,817,108,10,16
12,12,no,no,500,86,10,12
9.94,10.25,no,yes,543,101,7,12
9.94,11,yes,no,447,125,4,16
9.94,11,no,no,217,94,4,15
8,10,no,no,721,98,11,12
9.94,16,no,no,803,125,4,16
8,12,no,no,570,100,9,12
12,12,no,no,600,104,3,16
14,10,no,no,450,112,7,13
9.94,2,no,no,445,100,7,13
12,11,no,no,590,104,8,15
8,12,no,no,721,97,5,14
8,8,no,no,693,120,14,12
8,8,no,no,529,134,7,13
8,8,no,no,470,92,15,9
16,13,no,no,481,129,4,16
16,13,no,no,462,122,3,16
12,12,no,no,865,118,12,14
9.94,12,yes,no,713,101,8,16
9.94,12,yes,no,740,107,6,12
9.94,10,no,no,817,92,8,14
11,12,no,no,677,92,16,12
12,16,no,no,462,118,3,16
12,10.25,no,no,393,100,7,12
9,7,no,no,800,92,13,13
14,12,no,no,673,108,4,17
8,12,no,no,911,119,14,12
12,12,no,no,385,106,2,16
12,11,no,no,436,98,6,12
7,8,no,no,526,109,7,12
12,15,no,no,542,120,3,16
4,16,no,no,769,127,9,13
12,12,no,no,711,101,3,18
8,8,no,no,346,108,10,18
8,8,no,no,787,91,14,12
10,12,no,no,455,118,6,14
10,12,no,no,460,110,2,16
9.94,14,yes,no,277,119,7,13
8,12,no,no,808,103,11,17
12,14,no,no,624,103,7,14
8,12,no,no,697,104,8,12
8,12,no,no,378,108,6,14
8,12,no,no,473,118,6,12
8,12,no,no,425,98,6,12
8,12,no,no,649,120,2,16
12,15,no,no,491,144,4,15
2,7,no,no,500,100,8,12
8,10,no,no,370,86,7,14
6,8,no,no,506,122,6,18
9.94,13,no,no,361,101,12,12
9.94,8,yes,no,588,117,10,12
9.94,8,yes,no,350,119,6,12
8,12,no,no,484,105,14,12
6,9,no,no,835,104,17,11
9.94,12,no,no,385,111,5,17
8,8,no,no,450,96,8,11
12,8,no,no,491,94,6,16
8,12,no,no,831,101,8,18
8,8,no,no,434,83,12,12
8,8,no,no,700,112,8,12
8,8,no,no,542,93,10,10
12,9,no,no,395,105,16,12
9.94,10.25,no,no,721,115,7,12
8,15,no,no,1187,105,7,12
8,10,no,no,501,88,7,12
16,13,no,no,336,122,2,16
8,8,no,no,565,96,14,12
6,12,no,no,964,123,11,17
12,12,no,no,800,104,10,12
7,11,no,no,609,108,12,12
12,12,no,no,670,116,3,16
8,7,no,no,445,92,8,11
10,12,no,no,485,102,6,13
12,16,no,no,710,109,8,18
9.94,10.25,no,no,953,103,14,12
12,12,no,no,500,97,8,13
8,11,no,no,410,98,9,12
8,8,no,no,486,96,9,12
9,13,no,no,962,122,7,18
12,12,no,no,359,114,2,16
9,12,no,no,330,100,6,12
9.94,10,no,no,625,104,10,12
5,8,no,no,495,111,8,12
12,12,no,no,653,110,11,12
15,12,no,no,722,87,9,12
15,12,no,no,704,103,7,12
14,12,no,no,625,95,13,12
12,15,no,no,622,116,5,18
12,15,no,no,427,109,5,15
12,12,no,no,653,104,11,12
12,12,no,no,643,104,12,12
12,12,no,no,575,110,16,12
9.94,16,yes,no,664,116,0,18
8,13,no,no,555,94,13,13
12,16,no,no,642,115,7,15
12,8,no,no,667,123,8,14
15,13,no,no,1320,113,4,18
12,12,no,no,781,106,3,16
12,12,no,no,817,114,5,14
12,6,no,no,520,95,10,12
12,6,no,no,577,113,9,12
12,12,no,no,625,111,6,16
9.94,10.25,no,no,684,110,12,16
12,12,no,no,470,100,6,14
12,12,no,no,628,95,8,13
8,8,no,no,554,100,14,12
12,12,no,no,641,130,3,16
8,12,no,no,513,98,15,13
12,12,no,no,604,103,9,12
8,15,no,no,700,108,14,13
9.94,12,yes,no,1021,101,15,12
16,12,no,no,714,90,13,12
8,8,no,no,500,79,10,12
14,8,no,no,583,94,10,12
5,8,no,no,706,115,13,12
9.94,10.25,no,no,656,114,7,16
16,14,no,no,684,114,6,16
11,11,no,no,276,84,6,13
9.94,12,no,yes,707,92,15,13
8,11,no,no,788,107,16,12
18,12,no,no,1319,137,7,18
9,8,no,no,404,129,8,14
12,12,no,no,673,98,8,12
9.94,8,no,no,722,108,16,12
8,2,no,no,769,114,4,16
6,12,no,no,760,110,8,16
11,12,no,no,434,111,6,18
12,8,no,no,1192,99,15,13
12,12,no,no,370,101,6,12
12,12,no,no,475,99,12,12
12,12,no,no,435,101,10,12
8,12,no,no,332,75,8,12
12,12,no,no,640,102,9,16
9.94,6,no,no,505,91,16,12
10,12,no,no,625,113,7,16
9.94,8,no,no,462,120,13,12
16,16,no,no,817,134,4,17
15,12,no,no,641,98,5,14
12,12,no,no,722,101,4,16
16,16,no,no,817,107,7,16
16,13,no,no,664,115,5,16
12,12,no,no,897,121,4,18
9.94,10.25,no,no,793,115,17,11
10,12,no,no,539,134,10,15
13,12,no,no,721,105,9,15
12,12,no,no,925,97,5,13
8,10,no,no,508,108,10,12
8,10,no,no,929,113,10,16
9.94,10.25,no,no,705,96,10,17
12,12,no,no,520,137,2,16
9.94,12,no,no,940,110,13,12
16,12,no,no,766,120,3,16
10,12,no,no,707,105,7,15
9.94,10,yes,no,684,121,12,12
9,12,no,no,417,113,4,16
8,12,no,no,600,113,5,18
9.94,13,no,no,682,101,4,15
12,9,no,no,918,104,7,18
9.94,10.25,no,no,738,96,14,12
10,10,no,no,765,80,12,11
10,10,no,no,962,117,8,12
12,12,no,no,300,134,3,18
12,12,no,no,658,126,2,16
8,8,no,no,462,95,8,12
8,8,no,no,721,102,6,12
8,10,no,no,909,112,14,12
9.94,10.25,no,no,455,104,15,13
9.94,10.25,no,yes,675,81,9,12
9.94,10.25,no,yes,721,70,6,12
8,8,no,yes,925,70,10,12
6,6,no,no,750,83,10,12
6,6,no,no,563,84,10,12
12,10,no,no,625,104,6,14
9.94,10.25,yes,no,300,82,13,10
8,12,no,no,1380,109,9,12
12,12,no,no,470,111,5,14
12,12,no,no,788,97,10,12
7,12,no,no,315,94,15,12
13,12,no,no,649,101,7,13
9,10.25,no,no,435,98,11,12
10,15,no,no,600,110,10,11
16,14,no,no,206,131,7,13
12,11,no,no,481,122,9,12
12,10,no,no,485,88,5,13
12,12,no,no,759,111,5,18
12,12,no,no,995,90,8,12
12,12,no,no,314,120,3,16
9.94,8,no,no,783,108,11,12
8,12,no,no,650,99,13,13
6,12,no,no,475,80,13,11
5,10,no,no,726,93,15,11
17,12,yes,no,721,96,6,16
9.94,10.25,no,no,563,85,16,12
12,13,no,no,600,108,8,12
13,12,no,no,692,110,4,15
10,11,no,no,423,118,7,15
14,10.25,no,no,786,102,6,12
9.94,18,yes,no,577,113,12,16
11,10,no,no,635,112,3,18
9.94,12,no,no,410,115,9,12
12,10,no,no,370,117,2,16
11,10,no,no,789,119,4,16
11,12,no,no,1251,94,10,12
16,13,no,no,808,109,8,16
8,12,no,no,308,107,8,16
6,6,no,no,673,121,8,16
9,9,no,no,450,121,10,12
6,7,no,no,333,89,8,12
8,12,no,no,913,101,14,12
8,9,no,no,128,68,10,11
14,12,no,no,396,118,5,16
12,12,no,no,300,102,2,16
7,9,no,no,630,109,14,12
6,4,no,no,485,94,15,12
5,6,no,no,549,115,12,12
5,6,no,no,372,101,7,12
4,8,no,no,641,92,16,12
9.94,8,yes,no,519,89,11,12
5,11,no,no,385,71,11,9
12,8,no,no,450,97,7,16
10,12,no,no,315,116,8,12
11,12,no,no,731,130,9,14
6,12,no,no,325,102,14,12
12,12,no,no,616,119,6,16
10,10,no,no,346,104,9,15
8,13,no,no,471,91,9,13
7,8,no,no,300,93,9,12
12,8,no,yes,267,95,10,12
13,10,no,no,230,74,10,12
9.94,10,yes,no,432,115,4,14
12,12,no,no,531,89,8,12
12,11,no,no,1100,92,9,12
8,12,no,yes,588,104,10,12
9.94,15,no,no,841,109,6,18
9.94,10,yes,no,641,124,3,15
9.94,12,no,no,350,94,6,15
4,12,no,no,618,120,11,16
12,10.25,no,no,411,92,9,12
12,10,no,no,400,111,7,12
9,8,no,no,700,96,16,11
12,12,no,no,243,110,4,14
5,7,no,yes,248,67,14,12
8,8,no,yes,423,69,13,11
8,8,no,yes,600,91,16,11
8,4,no,yes,700,104,2,17
10,12,no,no,300,124,6,12
11,12,no,no,691,98,6,12
7,9,no,no,600,86,12,12
9.94,12,yes,no,700,118,12,12
4,7,no,yes,675,92,19,9
12,12,no,no,635,97,8,16
10,9,no,no,1250,109,9,14
8,18,no,no,962,105,5,18
10,13,no,no,490,99,1,18
9.94,12,no,no,750,108,13,14
12,12,no,no,326,100,2,18
17,12,no,no,430,117,5,18
12,11,no,no,571,101,8,12
9,12,no,no,913,111,6,16
4,10,no,no,577,101,10,14
9.94,8,no,no,721,92,10,18
14,8,no,no,962,106,11,16
10,12,no,no,625,102,15,12
10,12,no,no,713,115,6,14
8,10,no,no,710,99,6,12
10,11,no,no,913,118,10,16
16,13,no,no,692,132,10,13
16,12,no,no,650,108,7,13
16,12,no,no,610,103,5,14
10,14,no,no,726,98,11,12
11,8,no,no,767,111,13,13
11,12,no,no,620,97,9,12
9.94,12,no,no,721,101,5,16
12,14,no,no,516,129,2,18
11,10,no,no,400,85,7,12
13,13,no,no,808,106,7,14
18,12,no,no,642,120,9,17
8,8,no,no,519,107,10,12
10,12,no,no,568,109,6,12
8,12,yes,no,978,106,13,12
12,8,no,no,779,106,14,12
8,9,no,no,443,95,7,14
9,12,no,no,692,105,11,16
12,12,no,no,417,131,4,16
8,12,no,no,773,93,13,11
9.94,8,yes,no,400,88,5,15
9.94,11,yes,no,900,100,9,12
12,8,no,no,700,107,9,16
8,12,no,no,485,104,2,16
8,9,no,no,894,107,7,16
9.94,10.25,no,no,750,126,5,18
9.94,8,no,no,1055,109,14,13
10,10.25,no,no,933,112,10,12
10,12,no,no,568,105,8,12
12,14,no,no,449,99,8,16
10,12,no,no,580,114,9,12
9,12,no,no,800,123,11,12
12,12,no,no,160,83,6,12
12,12,no,no,866,127,3,17
9.94,10,no,no,683,87,10,12
12,11,no,no,1115,100,9,12
12,11,no,no,1100,104,8,12
12,11,no,no,286,106,6,12
12,12,no,no,513,127,8,14
12,9,no,no,1039,85,13,12
12,9,no,no,700,93,8,12
7,8,no,no,310,100,15,12
9.94,10.25,no,no,518,71,8,11
12,12,no,no,709,88,6,16
8,12,no,no,623,93,7,12
8,12,no,no,298,98,9,13
10,12,no,no,625,110,4,14
8,12,no,no,769,113,7,16
8,8,no,no,459,136,6,16
6,10.25,no,no,550,109,13,12
12,11,no,no,470,94,9,14
8,8,no,no,396,77,15,12
18,15,no,no,1039,113,6,16
8,13,no,no,713,106,4,16
8,14,no,no,333,108,7,14
9.94,10.25,no,no,590,89,13,11
9.94,10.25,no,no,500,84,10,10
6,12,no,no,539,102,8,12
8,12,no,no,577,106,4,18
12,12,no,no,808,102,10,14
14,16,no,no,722,113,10,14
12,12,no,no,600,96,8,12
12,12,no,no,673,107,4,16
12,14,no,no,880,110,4,17
12,12,no,no,905,106,7,13
5,12,no,no,520,103,12,10
5,12,no,no,356,53,9,12
5,12,no,no,278,103,6,12
11,11,no,yes,400,76,7,12
9.94,8,yes,yes,273,90,12,10
7,12,no,no,500,96,14,11
6,12,no,no,603,97,16,11
9.94,10,yes,yes,475,87,10,12
9.94,15,no,no,1100,89,15,12
9.94,8,yes,yes,404,70,7,13
17,16,no,no,757,104,5,16
18,16,no,no,554,113,11,16
12,11,no,no,577,116,7,16
12,10,no,no,432,114,5,15
16,14,no,no,450,116,7,14
10,11,no,no,807,109,10,13
9.94,10,no,no,481,80,16,11
6,8,no,no,600,116,4,16
5,8,no,yes,693,83,7,14
12,12,no,no,923,104,12,15
12,12,no,no,721,106,10,12
12,9,no,yes,540,99,7,12
6,6,no,yes,687,93,8,12
10,12,no,no,325,114,5,13
16,12,no,no,725,103,4,17
6,9,no,yes,450,92,14,12
6,3,no,yes,350,79,5,13
2,6,no,no,980,92,14,12
7,9,no,yes,563,99,3,16
12,8,no,no,558,98,3,18
9.94,12,no,no,529,114,14,13
12,12,no,no,721,119,7,14
6,12,no,yes,859,77,16,12
8,6,no,yes,275,95,16,12
9.94,13,yes,yes,325,89,6,14
9.94,16,yes,yes,357,93,9,14
12,15,no,no,365,116,4,14
5,12,no,no,482,110,16,12
12,8,no,no,955,132,6,17
7,12,no,no,462,103,3,17
2,8,no,no,417,112,6,16
12,12,no,no,361,99,14,12
11,12,no,no,598,138,6,16
12,11,no,yes,385,88,3,16
9.94,10,yes,yes,620,96,6,16
14,12,no,no,641,106,15,13
12,9,no,yes,468,90,4,16
11,12,no,yes,462,93,7,12
14,10,no,no,635,92,9,12
14,10,no,no,400,101,8,12
12,10,no,no,760,100,8,13
3,10.25,no,no,1000,95,16,12
6,6,no,no,425,71,11,11
9.94,9,yes,yes,411,89,12,12
9.94,3,yes,no,179,67,8,11
14,12,no,no,375,96,8,18
16,12,no,no,1298,127,4,18
8,8,no,no,775,114,5,16
9.94,9,yes,yes,429,57,12,10
9.94,7,yes,no,875,102,7,13
9.94,11,no,yes,424,103,13,14
12,7,no,yes,462,102,3,15
7,12,no,no,515,88,9,12
7,12,no,no,1053,88,7,12
14,9,no,no,1502,132,8,18
12,14,no,no,962,110,12,15
14,18,no,yes,230,90,9,15
14,18,no,yes,750,96,5,18
12,12,no,yes,225,83,5,15
12,10.25,no,yes,331,86,7,13
10,10.25,no,no,750,94,18,10
8,12,no,no,450,86,7,12
9,7,no,yes,865,110,6,13
12,8,no,no,846,114,5,16
12,8,no,no,759,130,4,16
12,8,no,no,600,119,2,16
8,10.25,no,no,1030,94,16,12
10,8,no,no,876,125,12,14
9.94,10.25,no,no,568,100,14,12
14,14,no,no,533,108,3,16
12,12,no,no,657,86,9,12
9.94,12,no,no,625,101,13,12
9.94,10,no,yes,280,70,11,12
8,7,no,no,500,75,12,10
9.94,10.25,no,no,818,85,10,10
9.94,9,yes,no,604,89,12,10
12,12,no,no,505,80,13,12
12,12,no,no,750,72,12,12
12,12,no,no,674,115,8,18
17,12,no,no,913,115,11,16
14,12,no,no,337,107,7,18
9.94,4,yes,yes,385,66,14,10
8,8,no,yes,529,108,5,16
7,7,no,no,984,94,9,12
3,8,no,no,817,93,16,12
6,12,no,yes,263,85,5,13
16,16,no,yes,745,99,8,18
14,13,no,yes,721,86,9,17
9.94,12,yes,yes,545,95,8,12
9.94,12,yes,yes,250,114,5,14
9.94,11,yes,yes,624,74,7,14
16,16,no,no,577,128,7,16
18,18,no,yes,813,111,3,16
12,11,no,yes,625,101,16,12
12,11,no,yes,485,111,6,14
10,12,no,no,841,92,6,16
10,12,no,no,865,100,5,16
14,12,no,no,325,123,4,16
9,10,no,yes,477,69,6,14
9,10,no,yes,250,79,3,16
9.94,5,yes,no,256,106,4,18
9.94,5,yes,no,718,115,5,13
10,12,no,no,750,108,7,12
9.94,10.25,no,yes,431,69,8,12
9.94,10.25,no,yes,425,86,7,12
10,11,no,yes,220,76,13,12
14,12,no,no,500,104,13,15
10,12,no,no,551,115,4,16
12,12,no,no,700,93,8,11
8,8,no,no,707,91,14,12
18,14,no,no,523,125,5,17
14,8,no,no,872,127,4,18
7,10,no,no,378,80,8,12
12,15,no,no,801,112,9,15
9,9,no,no,450,90,14,10
4,9,no,yes,360,84,8,12
9.94,10.25,yes,yes,721,120,8,12
16,10.25,no,no,726,106,6,16
9.94,10.25,no,yes,543,76,15,12
8,6,no,no,1202,115,11,16
9.94,10.25,no,yes,375,89,17,9
9.94,7,yes,yes,1393,102,14,12
10,9,no,no,649,104,12,12
11,8,no,no,455,122,5,16
9,6,no,yes,661,107,7,12
12,12,no,no,625,100,10,12
7,12,no,no,499,100,8,13
15,15,no,no,535,129,8,18
17,16,no,no,368,129,3,18
16,12,no,no,962,112,9,16
8,10.25,no,yes,505,76,9,12
12,12,no,yes,577,82,9,16
9.94,10.25,no,no,750,97,16,12
2,11,no,no,577,98,15,11
2,9,no,yes,234,81,11,9
9.94,10.25,yes,no,2083,60,5,16
7,12,no,no,601,132,4,18
6,12,no,no,500,96,17,10
6,12,no,no,375,100,10,12
2,6,no,yes,550,109,16,12
9.94,14,yes,yes,625,84,11,16
9.94,6,yes,yes,423,90,14,14
9,12,no,no,519,98,8,12
9,12,no,no,359,120,4,14
9.94,7,yes,yes,349,63,10,11
9.94,5,yes,yes,443,100,4,18
16,13,no,no,385,110,8,14
9.94,12,no,no,438,83,9,12
9.94,10.25,no,no,417,88,13,11
6,10.25,no,no,481,98,14,11
3,8,no,yes,600,103,10,12
6,10,yes,yes,531,97,13,12
9.94,10.25,no,yes,503,76,15,12
12,12,no,no,1374,126,9,16
9.94,11,no,no,702,127,7,12
16,14,no,no,444,112,3,16
12,12,no,yes,560,99,8,13
8,8,no,no,962,94,13,13
16,16,no,no,500,97,6,16
13,12,no,no,673,125,13,14
12,12,no,yes,460,99,7,12
12,12,no,yes,315,127,5,16
8,10,no,no,641,103,6,14
8,10,no,no,750,98,7,12
18,16,no,no,462,137,3,18
12,12,no,no,1154,103,13,15
12,12,no,no,1748,111,12,16
15,12,no,no,769,115,10,17
12,11,no,no,730,109,8,15
13,17,no,no,736,107,6,18
14,13,no,no,500,128,3,16
12,12,no,no,365,123,2,16
3,3,no,no,375,89,9,12
11,11,no,no,706,90,15,12
7,12,no,no,416,105,6,12
9.94,8,no,no,786,100,12,12
12,16,no,no,577,111,5,16
16,12,no,no,478,95,2,16
13,16,no,no,625,125,4,17
12,16,no,no,505,95,1,17
10,12,no,no,909,124,3,16
12,12,no,no,1155,107,8,14
16,12,no,no,416,110,12,13
16,16,no,no,528,102,5,14
9.94,10.25,yes,no,299,93,16,12
9.94,12,no,no,769,81,12,12
10,12,no,no,475,99,8,12
16,16,no,no,400,122,6,16
16,16,no,no,398,94,0,18
9.94,10.25,no,yes,523,93,15,12
9.94,10.25,no,yes,325,69,10,12
12,12,no,no,750,102,7,13
5,12,no,no,511,95,16,12
8,11,no,no,624,98,9,16
9.94,10.25,no,yes,244,84,9,12
7,10.25,no,no,363,88,9,12
9.94,4,yes,no,606,109,5,16
9.94,9,yes,no,760,115,7,12
12,12,no,no,385,105,11,14
9.94,12,yes,no,404,92,7,12
10,12,no,no,267,113,6,15
5,8,no,no,440,82,16,12
9.94,12,yes,no,375,105,8,14
8,12,no,no,658,95,16,12
7,10,no,yes,514,92,3,15
12,12,no,no,577,140,2,16
1,6,no,no,500,116,7,12
3,1,no,yes,350,85,14,12
3,1,no,yes,525,85,13,10
13,12,no,no,385,122,3,16
6,7,no,yes,300,74,5,15
4,4,no,yes,267,110,7,12
14,12,no,no,545,123,6,16
14,12,no,no,562,122,5,14
12,12,no,no,577,86,8,12
10,12,no,no,890,80,5,15
6,10.25,no,no,625,96,7,13
6,12,no,no,416,112,7,13
9.94,10.25,yes,yes,664,77,10,12
9.94,10.25,no,no,286,92,15,11
12,12,no,yes,742,89,7,16
9.94,8,no,no,623,87,16,12
11,10,no,no,550,95,11,12
10,12,no,no,801,117,5,16
12,12,no,no,330,67,10,14
4,12,no,no,684,112,12,16
18,12,no,no,1000,119,8,15
9.94,10.25,no,no,1091,103,8,16
9.94,9,yes,yes,450,74,14,12
12,12,no,no,361,112,5,16
6,8,no,no,616,102,2,17
8,9,no,no,415,95,8,12
9,6,no,no,500,81,9,13
10,10,no,no,1155,124,4,18
8,7,no,no,525,89,14,12
8,12,no,no,625,91,15,8
7,11,no,no,673,109,8,16
6,7,no,yes,351,88,10,12
5,9,no,yes,723,67,10,12
6,12,no,yes,240,81,8,11
12,12,no,no,413,119,1,17
8,12,no,no,848,83,11,12
7,16,no,no,874,101,10,16
9.94,8,no,yes,265,75,7,14
12,12,yes,no,839,109,8,16
4,1,no,no,196,104,10,12
0,4,no,yes,475,72,14,12
7,4,no,no,500,87,9,11
16,12,no,no,945,106,3,16
5,11,no,no,474,103,7,15
9.94,10.25,no,no,519,95,8,12
8,6,no,no,375,91,10,12
12,12,no,no,475,101,5,16
11,12,no,no,393,121,5,16
8,8,no,yes,500,65,10,12
9.94,12,yes,yes,475,85,15,12
9.94,8,yes,yes,365,70,13,12
9.94,10.25,yes,yes,281,65,9,11
9.94,6,yes,yes,263,90,15,12
11,12,no,no,1012,110,5,18
11,12,no,no,833,102,5,17
7,5,no,yes,346,67,14,9
5,10.25,no,yes,300,68,8,11
9.94,11,yes,yes,375,88,15,11
7,7,no,no,418,94,8,12
8,12,no,no,865,97,17,10
9.94,6,yes,no,519,98,15,13
9.94,12,no,no,865,101,14,13
16,12,no,no,855,115,4,17
18,17,no,no,831,122,9,18
18,17,no,no,875,117,9,16
4,8,no,no,1374,105,13,14
9.94,8,yes,no,451,113,12,16
12,17,no,no,684,101,10,18
12,12,no,no,913,113,13,13
9.94,12,no,no,855,88,14,13
9.94,12,yes,yes,375,93,11,12
9.94,5,yes,yes,441,117,5,16
9.94,7,yes,yes,410,83,14,12
14,16,no,no,693,113,4,16
9.94,10,no,no,1012,124,6,18
15,12,no,yes,452,123,5,15
13,16,no,no,492,98,3,18
12,12,no,no,577,107,6,14
9.94,10,yes,no,655,114,15,12
10,11,no,no,709,119,4,16
3,9,no,yes,511,82,6,14
4,1,no,no,625,89,16,12
11,10,no,no,460,111,5,14
9,7,no,no,625,104,13,14
9.94,10.25,no,yes,575,65,10,12
4,3,no,yes,520,74,11,12
4,3,no,yes,490,77,7,12
11,12,no,yes,425,98,7,18
9.94,10.25,no,yes,535,75,14,12
12,12,no,no,745,97,7,13
16,16,no,no,320,96,10,12
16,14,no,no,606,99,6,17
2,6,no,yes,325,68,9,12
12,12,no,no,821,83,10,13
9.94,12,yes,no,810,97,14,12
12,12,no,no,374,98,8,12
12,12,no,no,300,95,14,12
9.94,13,no,no,641,103,8,18
6,6,no,no,585,105,13,12
9.94,5,no,yes,325,86,12,12
9.94,10.25,yes,yes,655,102,7,13
12,9,no,yes,617,95,6,13
3,7,no,yes,550,100,4,16
3,8,no,yes,625,81,14,10
10,6,no,yes,500,85,15,10
9.94,10.25,no,yes,404,86,13,10
12,12,no,yes,275,79,16,10
9.94,4,yes,no,600,101,4,18
6,8,no,no,577,100,8,13
6,8,no,no,375,84,9,12
6,8,no,no,304,74,8,12
9.94,10.25,no,yes,275,86,8,14
9.94,10.25,no,yes,641,92,7,16
5,11,no,no,635,107,7,14
9.94,6,no,no,673,93,14,12
9.94,6,no,yes,375,69,19,9
18,17,no,no,770,113,7,17
9.94,16,yes,no,558,114,3,17
9.94,12,no,no,1763,126,4,18
7,8,no,no,695,92,16,12
12,9,no,no,509,127,6,12
9.94,6,no,no,818,109,15,12
8,10,no,no,600,97,12,12
10,0,no,no,507,66,9,11
9,9,no,no,606,78,8,12
14,16,no,no,1068,109,9,16
12,8,no,no,1635,93,12,14
14,4,no,no,860,109,8,16
9.94,10.25,no,no,756,105,6,14
16,16,no,no,750,105,4,15
9.94,10.25,no,no,438,104,14,12
16,10,no,no,1106,66,15,12
6,11,no,yes,332,103,8,12
8,8,no,no,625,85,11,13
4,8,no,no,462,81,9,12
8,12,no,no,520,105,6,18
6,8,no,no,150,116,8,14
9.94,4,no,no,385,121,5,18
9.94,12,yes,no,577,109,13,15
13,14,no,no,538,121,10,18
12,12,no,no,894,78,10,13
12,12,no,no,625,54,7,14
12,12,no,no,323,60,8,14
8,8,no,no,577,98,14,12
8,12,no,no,241,94,15,10
8,9,no,no,1979,94,10,16
9.94,12,no,no,695,98,14,12
12,16,no,no,491,105,4,16
9.94,12,no,no,298,87,8,13
9.94,12,no,no,308,71,6,13
12,12,no,no,1097,117,5,13
17,12,no,no,413,94,7,11
8,11,no,no,500,88,7,12
12,12,no,no,589,85,4,15
12,12,no,no,625,102,9,13
12,13,no,no,778,116,5,16
9.94,8,yes,no,400,82,7,13
9.94,12,no,no,1275,114,4,18
12,11,no,yes,673,65,10,12
12,11,no,yes,280,84,11,10
12,12,no,no,2003,105,6,18
12,10.25,no,no,769,101,4,16
12,12,no,no,550,96,8,12
7,7,no,no,610,92,8,14
12,12,no,no,577,107,6,13
8,12,no,no,824,106,7,16
9.94,10.25,no,yes,308,73,10,11
16,16,no,no,865,119,8,17
12,8,no,yes,673,82,12,14
9,12,no,no,693,101,7,14
12,12,no,no,851,97,16,12
10,10,no,no,738,110,11,12
16,16,no,no,795,126,8,16
12,12,no,no,869,96,16,12
12,13,no,no,577,117,5,16
14,12,no,no,1385,111,10,17
8,8,no,yes,675,67,12,12
12,12,no,no,657,102,15,12
13,12,no,no,1200,95,6,15
2,0,no,no,2115,64,16,12
8,12,no,no,595,118,12,10
12,12,no,no,833,104,11,15
9.94,10.25,no,no,400,107,7,15
9.94,7,yes,yes,721,118,11,14
12,12,no,yes,167,71,13,12
13,13,no,no,643,118,3,18
10,12,no,no,600,75,15,13
13,10,no,no,400,149,6,12
12,12,no,no,1000,108,5,13
8,12,no,no,666,108,8,14
10,12,no,no,785,112,8,14
8,8,no,no,300,93,9,10
14,12,no,no,697,119,8,16
12,12,no,no,438,94,13,14
9,11,no,no,685,68,6,13
7,6,no,no,414,103,6,14
11,14,no,no,751,104,7,12
16,16,no,no,231,119,7,13
17,14,no,no,505,90,7,16
15,12,no,no,600,129,8,16
9.94,18,no,no,1058,125,8,18
3,8,no,no,1050,112,11,16
12,16,no,no,983,128,8,18
16,13,no,no,1282,84,10,18
12,12,no,no,818,84,8,12
12,8,no,no,720,97,14,12
7,12,no,no,538,102,11,12
8,9,no,no,300,91,8,11
12,12,no,no,996,131,5,18
12,12,no,no,582,107,5,17
12,12,no,no,231,126,4,16
12,12,no,no,539,107,3,16
8,8,yes,yes,628,92,13,15
12,12,no,no,231,92,5,16
12,12,no,no,716,119,5,18
12,12,no,no,500,76,5,15
10,10,no,no,200,107,8,11
12,9,no,no,1106,111,11,16
8,12,no,no,404,115,8,16
10,12,no,no,277,123,5,16
12,11,no,no,962,107,2,17
8,12,no,no,563,105,10,12
12,12,no,no,673,111,11,14
9.94,11,yes,no,856,107,10,16
8,4,no,no,575,116,7,15
2,8,no,no,626,108,5,13
12,12,no,no,1443,115,14,12
6,11,no,no,336,101,8,14
6,11,no,no,577,98,9,12
16,0,no,no,250,87,7,15
9.94,10.25,no,no,1038,95,13,15
13,12,no,no,1090,114,9,18
12,12,no,no,462,116,2,18
9.94,12,yes,no,625,90,14,12
5,8,no,no,817,115,3,16
17,4,no,no,361,113,8,14
9.94,10.25,no,no,861,86,12,12
2,2,no,no,282,90,10,10
17,14,no,no,699,125,6,12
11,10,no,no,615,107,6,12
8,12,no,no,433,88,8,11
12,12,no,no,534,117,3,16
12,12,no,no,625,92,4,16
10,12,no,no,577,122,2,18
10,12,no,no,843,98,6,12
12,12,no,no,404,123,4,16
18,12,no,no,1014,116,7,18
8,4,no,no,325,114,7,16
12,8,no,no,771,91,9,15
12,13,no,no,700,125,4,14
0,5,no,no,625,101,4,16
12,7,no,no,911,101,6,16
16,16,no,no,745,116,15,12
12,12,no,no,674,103,6,12
12,12,no,no,817,113,6,16
9.94,10,yes,no,770,111,4,15
8,9,no,no,727,116,6,15
9.94,12,no,no,688,94,7,14
13,14,no,no,500,123,6,16
9.94,12,no,no,726,109,6,16
12,12,no,no,962,124,11,16
12,10,no,no,1154,114,13,13
14,8,no,no,675,121,10,13
9.94,10,yes,no,422,103,8,12
12,12,no,no,1063,96,7,12
15,14,no,no,1175,117,9,18
8,12,no,no,1200,100,11,12
12,10.25,no,no,550,104,8,14
12,12,no,no,801,91,10,15
9.94,11,no,no,543,97,13,12
9.94,12,no,no,750,94,12,14
12,10,no,no,450,103,14,14
7,12,no,no,855,101,15,12
14,8,no,no,728,94,6,14
12,11,no,no,693,112,16,12
12,12,no,no,1025,73,11,10
3,0,no,no,727,105,13,15
10,11,no,no,535,106,14,14
11,11,no,no,532,101,7,12
13,16,no,no,404,83,5,13
12,12,no,no,1100,114,6,18
2,2,no,no,660,104,9,12
12,12,no,no,433,99,14,12
18,13,no,no,263,101,5,15
15,18,no,no,577,109,12,16
13,13,no,no,433,110,6,12
18,12,no,no,470,104,2,17
12,12,no,no,1049,90,12,12
9.94,4,no,no,1846,98,11,17
16,12,no,no,769,112,12,15
9.94,10.25,no,yes,688,64,17,11
13,18,no,no,479,128,4,16
16,13,no,no,341,113,2,16
10,12,no,no,906,102,12,14
7,8,no,no,351,93,15,12
8,9,no,no,775,92,11,12
8,9,no,no,700,124,8,12
12,12,no,no,592,119,4,16
10,8,no,no,533,96,9,12
18,13,no,no,417,110,3,16
12,12,no,no,1394,118,10,18
8,10,no,no,548,96,16,12
11,12,no,no,657,80,7,11
9.94,12,no,no,624,137,10,13
15,12,no,no,442,113,9,16
12,12,no,no,577,93,6,15
12,12,no,no,540,93,8,13
9,12,no,no,841,116,9,15
8,12,no,no,577,69,13,12
2,6,no,no,511,78,11,12
8,8,no,no,577,99,16,12
12,16,no,no,631,92,9,12
12,16,no,no,666,113,3,16
12,12,no,no,400,119,7,14
9.94,12,yes,no,423,98,10,13
14,16,no,no,647,99,5,16
11,14,no,no,840,112,3,16
18,12,no,no,625,115,4,15
8,10.25,no,no,1000,96,15,9
8,6,no,no,919,117,9,16
2,8,no,no,730,96,13,12
11,10,no,no,411,108,7,12
12,16,no,no,500,92,4,17
16,16,no,no,733,95,12,15
12,12,no,no,721,106,6,16
8,8,no,no,699,95,11,15
9,15,no,no,785,94,10,14
12,13,no,no,925,105,7,16
12,13,no,no,449,115,6,14
14,14,no,no,325,117,3,15
18,14,no,no,470,93,4,18
8,7,no,no,541,115,16,12
9.94,10.25,no,no,547,117,3,18
12,14,no,no,577,98,10,16
9.94,12,yes,no,1068,105,10,16
6,7,no,no,721,109,14,12
14,12,no,no,739,120,4,17
8,10.25,no,no,1478,96,8,12
13,12,no,no,801,91,12,13
8,12,no,no,550,109,7,13
12,12,no,no,540,87,9,12
13,13,no,no,790,110,10,16
12,10,no,no,693,97,8,14
12,10,no,no,250,110,4,16
3,4,no,no,635,74,17,9
9.94,9,no,no,413,95,14,12
9.94,10.25,no,no,300,97,7,12
9.94,10.25,no,no,356,98,10,13
12,12,no,no,413,85,13,12
12,10,no,no,531,105,13,14
12,10,no,no,635,122,7,16
17,13,no,no,550,129,11,14
7,8,no,no,486,100,14,12
9,14,no,no,598,108,8,17
8,12,no,no,800,122,5,16
8,8,no,no,433,129,3,17
8,8,no,no,751,79,5,17
10,12,no,no,294,109,6,14
12,12,no,no,427,105,7,12
9.94,10.25,no,no,700,90,15,12
12,12,no,no,480,83,7,12
9.94,10.25,no,no,508,111,8,16
12,8,no,no,723,110,15,12
14,14,no,no,220,92,7,12
10,10,no,no,1202,113,7,13
12,12,no,no,400,115,5,13
12,12,no,no,601,109,7,16
12,8,no,no,481,114,11,12
7,12,no,no,700,110,11,16
10,9,no,no,769,102,9,12
10,9,no,no,529,118,5,14
6,10.25,no,no,563,86,18,10
7,0,no,no,649,114,13,13
9.94,10.25,yes,no,1082,105,15,12
6,10,no,no,673,83,12,16
15,12,no,no,350,107,0,18
5,9,no,yes,769,81,8,14
0,6,no,yes,650,85,8,12
9.94,4,no,no,751,72,15,9
7,6,no,no,401,86,10,12
8,12,no,no,450,68,13,12
9.94,6,no,yes,260,95,16,12
12,12,no,no,385,87,3,16
13,12,no,no,817,116,11,17
13,12,no,no,962,95,8,16
14,12,no,no,408,94,9,13
6,10,no,no,620,96,8,14
7,12,no,no,230,99,7,12
6,12,no,no,1155,106,8,18
8,2,no,yes,500,85,10,12
4,12,no,no,750,100,7,12
8,12,no,no,1038,101,9,13
16,15,no,no,491,104,3,16
10,12,no,no,525,88,10,13
9,16,no,yes,737,97,6,15
6,10,no,yes,599,83,6,14
18,18,no,yes,1131,71,9,18
9.94,10.25,no,yes,601,100,5,14
9.94,10.25,no,yes,235,96,9,12
12,12,no,no,400,117,4,16
6,5,no,no,290,65,7,12
12,9,no,no,656,116,6,12
9,12,no,no,711,106,14,12
8,12,no,no,481,93,9,14
8,12,no,no,641,112,3,16
12,14,no,no,596,98,14,12
11,14,no,no,1538,103,10,16
9,12,no,no,860,103,15,12
12,12,no,no,308,91,9,12
12,10.25,no,no,600,118,9,14
10,10,no,no,540,87,10,13
12,10,no,no,344,100,8,13
12,10,no,no,500,96,7,12
4,10,no,yes,378,62,3,18
8,8,no,yes,1000,83,10,12
9.94,10.25,no,yes,564,100,6,12
12,10,no,no,538,123,6,12
9,8,no,yes,355,67,7,13
14,13,no,no,1026,104,8,13
12,14,no,no,295,106,9,17
9.94,8,yes,yes,538,81,9,12
8,12,no,no,711,109,9,12
4,4,no,yes,229,76,11,12
4,3,no,yes,220,73,9,12
8,2,no,yes,310,62,11,12
10,10.25,no,yes,320,76,6,12
10,9,no,yes,303,76,9,12
4,11,no,no,438,103,8,12
9.94,12,yes,no,846,106,10,16
12,14,no,no,313,112,6,14
10,9,no,no,429,94,13,12
6,10,no,no,700,81,14,11
6,5,no,no,381,87,16,10
12,12,no,no,465,118,10,12
9.94,10.25,no,no,417,74,11,13
5,10.25,no,no,531,96,6,13
9.94,8,yes,no,440,73,9,12
9.94,6,yes,no,457,75,8,12
5,5,no,no,438,95,9,12
9.94,5,yes,yes,550,102,9,12
12,16,no,no,650,107,3,16
7,3,no,no,423,86,9,11
18,8,no,no,420,104,8,13
5,7,no,no,714,95,12,12
12,8,no,no,398,116,7,12
6,8,no,no,398,66,14,9
5,0,no,no,734,101,6,16
12,12,no,no,688,96,7,12
9.94,9,no,no,455,104,13,12
9.94,16,yes,no,577,138,6,16
10,14,no,no,699,105,9,16
14,12,no,no,375,106,5,16
11,4,no,yes,220,67,11,12
12,10,no,yes,341,97,4,16
8,9,no,no,288,108,10,15
8,13,no,no,866,125,6,18
7,8,no,no,433,106,7,12
4,6,no,no,400,99,11,12
12,12,no,no,547,96,14,12
10,12,no,no,500,114,5,14
9,12,no,no,600,105,11,12
2,3,no,no,650,106,16,12
8,8,no,no,848,102,14,12
9.94,10.25,no,yes,289,75,15,12
5,5,no,yes,457,99,4,14
11,12,no,no,413,90,15,13
9.94,16,yes,yes,649,101,3,16
9.94,10.25,no,no,633,115,7,13
10,12,no,no,721,118,6,16
12,9,no,no,913,108,14,12
12,12,no,no,592,127,3,18
9.94,12,no,no,764,114,10,16
11,10,no,yes,275,76,8,11
12,16,no,no,962,132,6,16
9.94,3,yes,yes,625,50,10,12
9.94,10.25,yes,yes,333,84,8,12
9.94,10,no,yes,625,55,11,12
9.94,10.25,no,yes,359,73,16,12
9.94,10.25,no,yes,403,61,6,12
9,9,no,yes,463,84,9,11
9.94,10.25,no,yes,400,71,7,14
9.94,10.25,no,yes,415,84,2,16
9.94,10.25,no,no,1442,101,9,18
10,12,no,yes,266,69,6,13
9.94,10.25,no,yes,325,80,9,11
9.94,9,no,no,214,69,13,10
9,12,no,no,688,104,10,12
6,10,no,no,457,92,16,10
13,10.25,no,yes,732,102,3,16
6,10,no,yes,481,83,10,12
6,10,no,yes,642,98,8,12
7,10,no,yes,573,70,9,10
9.94,10.25,no,yes,339,90,7,12
10,4,no,no,400,87,7,13
9.94,12,no,no,300,96,3,15
10,12,no,no,580,80,18,10
8,12,no,no,321,102,4,14
2,10.25,no,yes,475,79,8,12
10,12,no,no,553,104,7,16
8,9,no,no,721,104,7,18
8,12,no,no,729,101,6,13
5,8,no,no,314,115,7,12
7,10,no,yes,769,96,3,16
12,11,no,no,626,99,8,12
18,12,no,no,803,112,7,16
18,12,no,no,447,118,3,16
12,9,no,no,319,83,7,15
12,12,no,no,616,107,8,16
13,12,no,no,354,91,10,12
18,12,no,no,425,96,4,18
18,12,no,no,265,89,8,12
13,13,no,no,426,118,4,14
13,10,no,no,250,113,7,12
12,12,no,no,560,116,2,17
7,7,no,no,289,105,11,12
7,7,no,no,393,120,4,16
6,7,no,no,577,107,8,12
12,11,no,no,346,94,9,17
12,12,no,no,1282,98,6,16
12,16,no,no,413,96,4,14
4,7,no,no,404,84,7,14
3,7,no,no,721,108,13,12
3,8,no,no,577,104,12,12
6,8,no,no,500,110,8,12
7,6,no,no,250,96,11,12
7,7,no,no,155,106,8,12
9.94,3,yes,yes,350,83,15,12
9.94,10.25,no,yes,462,66,8,12
7,12,no,no,500,70,18,10
12,11,no,no,846,104,8,16
9,12,no,no,577,87,11,12
10,12,no,no,400,110,6,16
8,12,no,no,741,87,17,11
12,12,no,no,350,100,5,14
12,14,no,no,438,91,8,12
12,12,no,no,751,109,8,16
18,14,no,no,577,112,6,18
12,12,no,no,404,106,8,16
12,12,no,no,616,94,12,12
13,6,no,no,385,95,9,12
12,12,no,no,672,89,9,15
7,10,no,no,625,85,10,12
9,12,no,no,500,97,10,10
5,7,no,no,331,83,9,12
10,10,no,no,585,99,10,12
9.94,9,no,yes,300,68,11,11
8,12,no,no,738,107,10,16
9.94,10.25,no,yes,385,74,12,12
3,10.25,no,yes,450,51,10,11
9.94,10.25,no,no,801,100,9,12
6,8,no,yes,375,75,12,9
9.94,6,no,no,361,86,11,10
8,7,no,no,300,96,12,9
9,12,no,no,558,90,10,12
3,5,no,no,486,86,16,12
9.94,10.25,no,no,600,102,8,12
9.94,12,yes,no,534,101,8,12
12,12,no,no,577,116,5,17
9.94,10,yes,yes,250,99,7,14
12,11,no,no,400,107,8,12
12,14,no,no,300,116,10,13
9,11,no,no,416,109,4,15
8,12,no,no,740,76,7,16
5,12,no,yes,273,72,8,15
9.94,10.25,no,yes,632,105,8,14
8,12,no,yes,289,65,3,16
9.94,10.25,no,yes,333,98,9,12
9.94,12,yes,no,306,93,8,12
7,7,no,no,573,108,9,18
9.94,10.25,no,yes,463,74,10,12
7,12,no,no,389,107,16,12
14,12,no,no,1106,110,10,16
9,10,no,no,245,114,2,16
6,6,no,yes,400,72,12,12
12,9,no,no,300,117,9,10
7,9,no,no,409,114,7,12
9.94,10.25,no,no,337,107,2,16
12,10,no,no,523,120,5,13
12,12,no,no,513,97,4,16
8,14,no,no,691,130,11,14
12,12,no,no,425,107,5,16
5,12,no,no,542,100,6,12
9.94,11,yes,no,505,103,7,12
14,13,no,no,419,111,3,16
12,12,no,no,375,114,4,16
8,8,no,no,438,95,9,11
13,12,no,no,635,96,11,16
10,11,no,no,500,105,8,12
10,11,no,no,875,98,14,12
9.94,8,yes,yes,200,62,14,11
9.94,8,no,yes,245,67,12,12
7,10.25,no,yes,808,83,14,12
13,12,no,no,962,97,5,17
13,12,no,no,743,112,4,16
9.94,9,yes,no,450,102,6,12
3,0,no,yes,794,70,15,11
8,8,no,no,462,92,12,14
16,5,no,no,225,90,13,10
9.94,10,no,no,577,83,9,13
2,8,no,yes,200,75,9,10
11,16,no,no,539,95,7,16
12,12,no,no,354,104,6,16
12,15,no,no,250,85,11,11
9,12,no,no,693,114,6,16
8,12,no,no,420,82,10,12
16,16,no,no,366,65,15,12
8,8,no,no,913,113,9,16
9.94,9,yes,yes,340,100,11,11
5,5,no,yes,463,68,14,9
9.94,2,no,yes,200,76,12,12
8,8,no,yes,315,101,3,15
5,8,no,yes,625,78,8,16
9.94,10.25,no,yes,254,72,12,12
9.94,10.25,no,no,450,75,12,9
9.94,12,no,no,450,101,11,12
7,7,no,no,263,100,9,12
5,12,no,no,432,105,7,14
16,16,no,yes,513,82,8,16
9.94,11,yes,yes,385,79,4,16
6,8,no,no,500,102,8,13
9.94,7,yes,yes,470,77,6,12
11,10.25,no,no,500,109,6,12
9.94,10.25,no,no,713,107,13,12
